id,path
0,../BData/Mech - Section 2 - Systems Description_Mech - Section 2 - Systems Description_S3 Suitable for Review and Comment_A.pdf
1,../BData/382311-3514-SND-WBC104-ZZ-TS-X-0103-J4100_WBC104 BMS Network Schematic_CR Construction Record_Z01.pdf
2,"../BData/RUH Cancer Care Unit - Public Health Basis of Design_See attached, Public Health Services Basis of Desi_Comment_B.pdf"
3,../BData/TS-003 - BMS Des Ops_BMS Des Ops_S3 Suitable for Review and Comment_A/RUH Cancer Care Des Ops P02.pdf
4,../BData/TS-003 - BMS Des Ops_BMS Des Ops_S3 Suitable for Review and Comment_A/TS-003 - BMS Des Ops.pdf
5,../BData/5127-WSP-RP-MEP-001_MEP Specification_Costing_C02.pdf
6,../BData/5127-WSP-RP-M-001_Site Wide Carbon Emissions Factor Calculation_Planning_P01.pdf
7,../BData/5127-KCWW-XX-XX-SP-W-0001_BIM Execution Plan_A5 Approved and Accepted for Construction_C04/5127-KCWW-XX-XX-SP-W-0001/5127-KCWW-XX-XX-SP-W-0005_IFCModelExchangeWorkflow-P02.pdf
8,../BData/5127-KCWW-XX-XX-SP-W-0001_BIM Execution Plan_A5 Approved and Accepted for Construction_C04/5127-KCWW-XX-XX-SP-W-0001/5127-KCWW-XX-XX-SP-W-0001_BIMExecutionPlan-C04.pdf
9,../BData/5127-KCWW-XX-XX-SP-W-0001_BIM Execution Plan_A5 Approved and Accepted for Construction_C04/5127-KCWW-XX-XX-SP-W-0001/5127-KCWW-XX-XX-SP-W-0003_Appendix3.pdf
10,../BData/5127-KCWW-XX-XX-SP-W-0001_BIM Execution Plan_A5 Approved and Accepted for Construction_C04/5127-KCWW-XX-XX-SP-W-0001/5127-KCWW-XX-XX-SP-W-0002_Appendix2-C10.pdf
11,../BData/5127-KCWW-XX-XX-SP-W-0001_BIM Execution Plan_A5 Approved and Accepted for Construction_C04/5127-KCWW-XX-XX-SP-W-0001/5127-KCWW-XX-XX-SP-W-0005_IFCModelExchangeWorkflow-P02.pdf
12,../BData/5127-KCWW-XX-XX-SP-W-0001_BIM Execution Plan_A5 Approved and Accepted for Construction_C04/5127-KCWW-XX-XX-SP-W-0001/5127-KCWW-XX-XX-SP-W-0001_BIMExecutionPlan-C04.pdf
13,../BData/5127-KCWW-XX-XX-SP-W-0001_BIM Execution Plan_A5 Approved and Accepted for Construction_C04/5127-KCWW-XX-XX-SP-W-0001/5127-KCWW-XX-XX-SP-W-0003_Appendix3.pdf
14,../BData/5127-KCWW-XX-XX-SP-W-0001_BIM Execution Plan_A5 Approved and Accepted for Construction_C04/5127-KCWW-XX-XX-SP-W-0001/5127-KCWW-XX-XX-SP-W-0002_Appendix2-C10.pdf
15,../BData/382311-3514-SND-WBC110-ZZ-TS-X-0107-J4100_WBC110 BMS Network Schematic_CR Construction Record_Z01.pdf
16,../BData/382311-3514-SND-WBC101-ZZ-TS-X-0101-J4100_WBC101 BMS Network Schematic- CWS and FFCWS_CR Construction Record_Z01.pdf
17,../BData/382311-3514-SND-WBC102-ZZ-TS-X-0102-J4100_WBC102 BMS Network Schematic_CR Construction Record_Z01.pdf
18,../BData/382311-3514-SND-WBC105-ZZ-TS-X-0104-J4100_WBC105 BMS Network Schematic_CR Construction Record_Z01.pdf
19,../BData/4326-2 - Kier - RUH Bath Cancer Centre - BUG - Technical User__S3 Suitable for Review and Comment_B.pdf
20,../BData/382311-3514-SND-WBC101-ZZ-TS-X-0116-J4100_WBC101- Site wide- BMS Network Overview Schematic_CR Construction Record_Z01.pdf
21,../BData/GA's/11204-IBI-XX-01-PL-A-200-0011_Building GA - Level 01 Overall_Information_6.pdf
22,../BData/GA's/11204-IBI-XX-02-PL-A-200-0012_Building GA - Level 02 Overall_Information_5.pdf
23,../BData/GA's/11204-IBI-XX-00-PL-A-200-0010_8 - Building GA - Level 00 Overall.pdf
24,../BData/382311-3514-SND-WBC113A-ZZ-TS-X-0215-J4100_WBC113a and WBC113b BMS Network Schematic_CR Construction Record_Z01.pdf
25,../BData/382311-3514-SND-WBC107-ZZ-TS-X-0105-J4100_WBC107 BMS Network Schematic_CR Construction Record_Z01.pdf
26,../BData/Schematics/W11672-IBS-XX-ZZ-DR-M1-560902_Heating Distribution Schematic Sheet 2 of 3_S3 Suitable for Review and Comment_P02_0.pdf
27,../BData/Schematics/W11672-IBS-XX-ZZ-DR-P1-530905_Domestic Water & Gas Schematic Sheet 5 of 8_S3 Suitable for Review and Comment_P01_0.pdf
28,../BData/Schematics/W11672-IBS-XX-ZZ-DR-P1-530904_Domestic Water & Gas Schematic Sheet 4 of 8_S3 Suitable for Review and Comment_P01_0.pdf
29,../BData/Schematics/5127-WSP-XX-ZZ-DR-P-530902_Public Health - Domestic Water & Gas Schematic - Sheet 2 of 8_Preliminary # Draft_A.pdf
30,../BData/Schematics/W11672-IBS-XX-01-DR-M1-560901_Heating Plant Room Schematic_S3 Suitable for Review and Comment_P02_0.pdf
31,../BData/Schematics/5127-WSP-XX-ZZ-DR-P-530902_Domestic Water & Gas Schematic - Sheet 2 of 8_D1 Suitable for Costing_C02.pdf
32,../BData/Schematics/5127-WSP-00-ZZ-DR-E-600901_Data Infrastructure Schematic All Levels_Costing_C01_0.pdf
33,../BData/Schematics/5127-WSP-XX-ZZ-DR-P-530908_Public Health - Domestic Water & Gas Schematic - Sheet 8 of 8_Preliminary # Draft_A.pdf
34,../BData/Schematics/5127-WSP-XX-ZZ-DR-M-570904_Ventilation Schematic - AHU.OP.04_D1 Suitable for Costing_C02_0.pdf
35,../BData/Schematics/5127-WSP-XX-ZZ-DR-M-570906_Ventilation Schematic - Local Extract Systems_Costing_C01_0.pdf
36,../BData/Schematics/5127-WSP-XX-ZZ-DR-P-530903_Public Health - Domestic Water & Gas Schematic - Sheet 3 of 8_Preliminary # Draft_A.pdf
37,../BData/Schematics/5127-WSP-XX-ZZ-DR-M-570901_Ventilation Schematic - AHU.NM.01_D1 Suitable for Costing_C02_0.pdf
38,../BData/Schematics/5127-WSP-XX-02-DR-M-550901_Level 2 Cooling Plant Room Schematic_For Comment_B.pdf
39,../BData/Schematics/W11672-IBS-XX-ZZ-DR-P1-530903_Domestic Water & Gas Schematic Sheet 3 of 8_S3 Suitable for Review and Comment_P01_0.pdf
40,../BData/Schematics/5127-WSP-XX-ZZ-DR-P-530905_Public Health - Domestic Water & Gas Schematic - Sheet 5 of 8_Preliminary # Draft_A.pdf
41,../BData/Schematics/5127-WSP-XX-01-DR-M-560901_Level 1 Heating Plant Room Schematic_For Comment_B.pdf
42,../BData/Schematics/5127-WSP-XX-XX-SC-M-544901_Medical Gas Schematic_For Comment_A.pdf
43,../BData/Schematics/W11672-IBS-XX-ZZ-DR-E2-615901_LV Schematic_S3 Suitable for Review and Comment_P01_0.pdf
44,../BData/Schematics/W11672-IBS-XX-ZZ-DR-P1-530907_Domestic Water & Gas Schematic Sheet 7 of 8_S3 Suitable for Review and Comment_P01_0.pdf
45,../BData/Schematics/1669-WSP-00-ZZ-DR-E-615901 LV SCHEMATIC_1669-WSP-00-ZZ-DR-E-615901 LV SCHEMATIC.pdf_For Comment_A.pdf
46,../BData/Schematics/5127-WSP-XX-02-DR-M-550901_Cooling Plant Room Schematic_Costing_C01_0.pdf
47,../BData/Schematics/5127-WSP-00-ZZ-DR-M-550902_Cooling Distribution Schematic_Costing_C01_0.pdf
48,../BData/Schematics/W11672-IBS-XX-02-DR-M1-550901_Cooling & AC Systems Schematic_S3 Suitable for Review and Comment_P01_0.pdf
49,../BData/Schematics/5127-WSP-XX-ZZ-DR-P-530905_Domestic Water & Gas Schematic - Sheet 5 of 8_D1 Suitable for Costing_C02.pdf
50,../BData/Schematics/5127-WSP-XX-ZZ-DR-M-570905_Ventilation Schematic - AHU.IP.05_D1 Suitable for Costing_C02_0.pdf
51,../BData/Schematics/5127-WSP-XX-ZZ-DR-P-530906_Domestic Water & Gas Schematic - Sheet 6 of 8_D1 Suitable for Costing_C02.pdf
52,../BData/Schematics/W11672-IBS-XX-ZZ-DR-M1-570905_AHU 05 Ventilation Schematic_S3 Suitable for Review and Comment_P02_0.pdf
53,../BData/Schematics/W11672-IBS-XX-ZZ-DR-M1-550902_Cooling Schematic All Levels_S3 Suitable for Review and Comment_P01_0.pdf
54,../BData/Schematics/5127-WSP-XX-ZZ-DR-P-530907_Public Health - Domestic Water & Gas Schematic - Sheet 7 of 8_Preliminary # Draft_A.pdf
55,../BData/Schematics/5127-WSP-XX-ZZ-DR-P-530901_Domestic Water & Gas Schematic - Sheet 1 of 8_D1 Suitable for Costing_C02_0.pdf
56,../BData/Schematics/5127-WSP-XX-ZZ-DR-P-530903_Domestic Water & Gas Schematic - Sheet 3 of 8_D1 Suitable for Costing_C02.pdf
57,../BData/Schematics/W11672-IBS-XX-ZZ-DR-M1-570901_AHU 01 Ventilation Schematic_S3 Suitable for Review and Comment_P03.pdf
58,../BData/Schematics/W11672-IBS-XX-ZZ-DR-M1-570907_Isolation Rooms Ventilation Schematic_S3 Suitable for Review and Comment_P03_0.pdf
59,../BData/Schematics/5127-WSP-XX-ZZ-DR-P-530901_Public Health - Domestic Water & Gas Schematic - Sheet 1 of 8_Preliminary # Draft_A.pdf
60,../BData/Schematics/1669-WSP-00-ZZ-DR-E-600901 DATA SCHEMATIC_1669-WSP-00-ZZ-DR-E-600901 DATA SCHEMATIC.pdf_For Comment_A.pdf
61,../BData/Schematics/W11672-IBS-XX-ZZ-DR-M1-560901_Heating Distribution Schematic Sheet 1 of 3_S3 Suitable for Review and Comment_P02_0.pdf
62,../BData/Schematics/5127-WSP-00-ZZ-DR-E-615901_Electrical Services LV Schematic_Preliminary # Draft_A.pdf
63,../BData/Schematics/W11672-IBS-XX-ZZ-DR-M1-570904_AHU 04 Ventilation Schematic_S3 Suitable for Review and Comment_P02_0.pdf
64,../BData/Schematics/5127-WSP-XX-ZZ-DR-M-570902_Ventilation Schematic - AHU.C.02_D1 Suitable for Costing_C02_0.pdf
65,../BData/Schematics/5127-WSP-XX-ZZ-DR-M-570903_Ventilation Schematic - AHU.R.03_Costing_C01_0.pdf
66,../BData/Schematics/5127-WSP-XX-ZZ-DR-P-530906_Public Health - Domestic Water & Gas Schematic - Sheet 6 of 8_Preliminary # Draft_A.pdf
67,../BData/Schematics/W11672-IBS-XX-ZZ-DR-M1-570906_Local Extract Ventilation Schematic_S3 Suitable for Review and Comment_P03_0.pdf
68,../BData/Schematics/5127-WSP-00-ZZ-DR-E-615901_Electrical Services LV Schematic_Costing_C01_0.pdf
69,../BData/Schematics/5127-WSP-00-ZZ-DR-M-560903_Heating Distribution Schematic Sheet 3 of 3_Costing_C01.pdf
70,../BData/Schematics/5127-WSP-XX-ZZ-DR-M-570907_Ventilation Schematic - Isolation Room Systems_Costing_C01_0.pdf
71,../BData/Schematics/5127-WSP-XX-ZZ-DR-P-530908_Domestic Water & Gas Schematic - Sheet 8 of 8_D1 Suitable for Costing_C02.pdf
72,../BData/Schematics/5127-WSP-00-ZZ-DR-M-560902_Heating Distribution Schematic Sheet 2 of 3_Costing_C01.pdf
73,../BData/Schematics/5127-WSP-XX-ZZ-DR-P-530907_Domestic Water & Gas Schematic - Sheet 7 of 8_D1 Suitable for Costing_C02.pdf
74,../BData/Schematics/W11672-IBS-XX-ZZ-DR-P1-530908_Domestic Water & Gas Schematic Sheet 8 of 8_S3 Suitable for Review and Comment_P01_0.pdf
75,../BData/Schematics/W11672-IBS-XX-ZZ-DR-M1-570903_AHU 03 Ventilation Schematic_S3 Suitable for Review and Comment_P02_0.pdf
76,../BData/Schematics/W11672-IBS-XX-ZZ-DR-P1-530906_Domestic Water & Gas Schematic Sheet 6 of 8_S3 Suitable for Review and Comment_P01_0.pdf
77,../BData/Schematics/5127-WSP-XX-ZZ-DR-P-530904_Domestic Water & Gas Schematic - Sheet 4 of 8_D1 Suitable for Costing_C02.pdf
78,../BData/Schematics/5127-WSP-XX-ZZ-DR-P-530904_Public Health - Domestic Water & Gas Schematic - Sheet 4 of 8_Preliminary # Draft_A.pdf
79,../BData/Schematics/W11672-IBS-XX-ZZ-DR-M1-560903_Heating Distribution Schematic Sheet 3 of 3_S3 Suitable for Review and Comment_P02_0.pdf
80,../BData/Schematics/W11672-IBS-XX-ZZ-DR-P1-530902_Domestic Water & Gas Schematic Sheet 2 of 8_S3 Suitable for Review and Comment_P01_0.pdf
81,../BData/Schematics/W11672-IBS-XX-ZZ-DR-M1-570902_AHU 02 Ventilation Schematic_S3 Suitable for Review and Comment_P03_0.pdf
82,../BData/Schematics/W11672-IBS-XX-ZZ-DR-P1-530901_Domestic Water & Gas Schematic Sheet 1 of 8_S3 Suitable for Review and Comment_P01_0.pdf
83,../BData/Schematics/5127-WSP-00-ZZ-DR-M-560901_Heating Distribution Schematic Sheet 1 of 3_Costing_C01_0.pdf
84,../BData/Schematics/5127-WSP-XX-01-DR-M-560901_Heating Plant Room Schematic_D1 Suitable for Costing_C02_0.pdf
85,"../BData/382311-3514-SND-WBC000-ZZ-TS-X-0016-J4100_BMS Network Switches, Patch Panels and associated _A4 Approved and Accepted as Stage Complete HMPW_P06.pdf"
86,../BData/TS-004 - BMS System_BMS System_S3 Suitable for Review and Comment_A/3. Points List/P05254-PL-MCC1 Rev8.pdf
87,../BData/TS-004 - BMS System_BMS System_S3 Suitable for Review and Comment_A/3. Points List/P05254-PL-MCC4 Rev8.pdf
88,../BData/TS-004 - BMS System_BMS System_S3 Suitable for Review and Comment_A/3. Points List/P05254-PL-FCU's Rev8.pdf
89,../BData/TS-004 - BMS System_BMS System_S3 Suitable for Review and Comment_A/3. Points List/P05254-PL-N-MCC4 Rev8.pdf
90,../BData/TS-004 - BMS System_BMS System_S3 Suitable for Review and Comment_A/3. Points List/P05254-PL-MCC3 Rev8.pdf
91,../BData/TS-004 - BMS System_BMS System_S3 Suitable for Review and Comment_A/3. Points List/P05254-PL-MCC2 Rev8.pdf
92,../BData/TS-004 - BMS System_BMS System_S3 Suitable for Review and Comment_A/3. Points List/P05254-PL-N-MCC1 Rev8.pdf
93,../BData/TS-004 - BMS System_BMS System_S3 Suitable for Review and Comment_A/3. Points List/P05254-PL-N-MCC2 Rev8.pdf
94,../BData/TS-004 - BMS System_BMS System_S3 Suitable for Review and Comment_A/3. Points List/P05254-PL-N-MCC3 Rev8.pdf
95,../BData/TS-004 - BMS System_BMS System_S3 Suitable for Review and Comment_A/5. Equipment Schedules and Data Sheets/5.2 Field Equipment/TT-S_TFHVY3d.pdf
96,../BData/TS-004 - BMS System_BMS System_S3 Suitable for Review and Comment_A/5. Equipment Schedules and Data Sheets/5.2 Field Equipment/TT-PO_CFCiurF.pdf
97,../BData/TS-004 - BMS System_BMS System_S3 Suitable for Review and Comment_A/5. Equipment Schedules and Data Sheets/5.2 Field Equipment/PA-DPS-9x_n9xGD3B.pdf
98,../BData/TS-004 - BMS System_BMS System_S3 Suitable for Review and Comment_A/5. Equipment Schedules and Data Sheets/5.2 Field Equipment/028-0418-11_II-SER8350-2.5.1_EN_CP20211005.pdf
99,../BData/TS-004 - BMS System_BMS System_S3 Suitable for Review and Comment_A/5. Equipment Schedules and Data Sheets/5.2 Field Equipment/H&C KOB 160421.pdf
100,../BData/TS-004 - BMS System_BMS System_S3 Suitable for Review and Comment_A/5. Equipment Schedules and Data Sheets/5.2 Field Equipment/028-0432-07_AG-SE(R)8350_EN_RH20200520.pdf
101,../BData/TS-004 - BMS System_BMS System_S3 Suitable for Review and Comment_A/5. Equipment Schedules and Data Sheets/5.2 Field Equipment/MULTICAL 403 250321.pdf
102,../BData/TS-004 - BMS System_BMS System_S3 Suitable for Review and Comment_A/5. Equipment Schedules and Data Sheets/5.2 Field Equipment/FS-541.pdf
103,../BData/TS-004 - BMS System_BMS System_S3 Suitable for Review and Comment_A/5. Equipment Schedules and Data Sheets/5.2 Field Equipment/belimo_SM24A-SR_datasheet_en-gb.pdf
104,../BData/TS-004 - BMS System_BMS System_S3 Suitable for Review and Comment_A/5. Equipment Schedules and Data Sheets/5.2 Field Equipment/Kamstrup Multical 603 Installation data sheet.pdf
105,../BData/TS-004 - BMS System_BMS System_S3 Suitable for Review and Comment_A/5. Equipment Schedules and Data Sheets/5.2 Field Equipment/belimo_GM24A_datasheet_en-gb.pdf
106,../BData/TS-004 - BMS System_BMS System_S3 Suitable for Review and Comment_A/5. Equipment Schedules and Data Sheets/5.2 Field Equipment/VMR 260321.pdf
107,../BData/TS-004 - BMS System_BMS System_S3 Suitable for Review and Comment_A/5. Equipment Schedules and Data Sheets/5.2 Field Equipment/TT-D_R4wrsIB.pdf
108,../BData/TS-004 - BMS System_BMS System_S3 Suitable for Review and Comment_A/5. Equipment Schedules and Data Sheets/5.2 Field Equipment/ST-FRE_vsxTxNf.pdf
109,../BData/TS-004 - BMS System_BMS System_S3 Suitable for Review and Comment_A/5. Equipment Schedules and Data Sheets/5.2 Field Equipment/TT-555_NNhqLMZ.pdf
110,../BData/TS-004 - BMS System_BMS System_S3 Suitable for Review and Comment_A/5. Equipment Schedules and Data Sheets/5.2 Field Equipment/PA-267.pdf
111,../BData/TS-004 - BMS System_BMS System_S3 Suitable for Review and Comment_A/5. Equipment Schedules and Data Sheets/5.2 Field Equipment/RH-D.pdf
112,../BData/TS-004 - BMS System_BMS System_S3 Suitable for Review and Comment_A/5. Equipment Schedules and Data Sheets/5.2 Field Equipment/SE8350 Room Controller.pdf
113,../BData/TS-004 - BMS System_BMS System_S3 Suitable for Review and Comment_A/5. Equipment Schedules and Data Sheets/5.2 Field Equipment/RH-O.pdf
114,../BData/TS-004 - BMS System_BMS System_S3 Suitable for Review and Comment_A/5. Equipment Schedules and Data Sheets/5.2 Field Equipment/CO100AR 260321.pdf
115,../BData/TS-004 - BMS System_BMS System_S3 Suitable for Review and Comment_A/5. Equipment Schedules and Data Sheets/5.2 Field Equipment/belimo_SMD24A_datasheet_en-gb.pdf
116,../BData/TS-004 - BMS System_BMS System_S3 Suitable for Review and Comment_A/5. Equipment Schedules and Data Sheets/5.2 Field Equipment/SLA-SLP Sensors.pdf
117,../BData/TS-004 - BMS System_BMS System_S3 Suitable for Review and Comment_A/5. Equipment Schedules and Data Sheets/5.2 Field Equipment/028-6048-13_UI-SER8350_A4_EN_CP20200507.pdf
118,../BData/TS-004 - BMS System_BMS System_S3 Suitable for Review and Comment_A/5. Equipment Schedules and Data Sheets/5.2 Field Equipment/TT-C_FnYputA.pdf
119,../BData/TS-004 - BMS System_BMS System_S3 Suitable for Review and Comment_A/5. Equipment Schedules and Data Sheets/5.2 Field Equipment/PA-60-x_HlE2iD7.pdf
120,../BData/TS-004 - BMS System_BMS System_S3 Suitable for Review and Comment_A/5. Equipment Schedules and Data Sheets/5.2 Field Equipment/AV-EP_MPS_1hzLo5s.pdf
121,../BData/TS-004 - BMS System_BMS System_S3 Suitable for Review and Comment_A/5. Equipment Schedules and Data Sheets/5.2 Field Equipment/Kamstrup Multical 403 Installation data sheet.pdf
122,../BData/TS-004 - BMS System_BMS System_S3 Suitable for Review and Comment_A/5. Equipment Schedules and Data Sheets/5.2 Field Equipment/PA-65-x.pdf
123,../BData/TS-004 - BMS System_BMS System_S3 Suitable for Review and Comment_A/5. Equipment Schedules and Data Sheets/5.2 Field Equipment/belimo_LM24A-SR_datasheet_en-gb.pdf
124,../BData/TS-004 - BMS System_BMS System_S3 Suitable for Review and Comment_A/5. Equipment Schedules and Data Sheets/5.2 Field Equipment/SpaceLogic SLP Series Humidity Sensors - BACnet and Modbus Specification Sheet.pdf
125,../BData/TS-004 - BMS System_BMS System_S3 Suitable for Review and Comment_A/5. Equipment Schedules and Data Sheets/5.2 Field Equipment/belimo_LMQ24A_datasheet_en-gb.pdf
126,../BData/TS-004 - BMS System_BMS System_S3 Suitable for Review and Comment_A/5. Equipment Schedules and Data Sheets/5.2 Field Equipment/H&C ETL 160421.pdf
127,../BData/TS-004 - BMS System_BMS System_S3 Suitable for Review and Comment_A/5. Equipment Schedules and Data Sheets/5.2 Field Equipment/SGM595 260321.pdf
128,../BData/TS-004 - BMS System_BMS System_S3 Suitable for Review and Comment_A/5. Equipment Schedules and Data Sheets/5.2 Field Equipment/TT-I_VmghouW.pdf
129,../BData/TS-004 - BMS System_BMS System_S3 Suitable for Review and Comment_A/5. Equipment Schedules and Data Sheets/5.2 Field Equipment/MULTICAL 603 250321.pdf
130,../BData/TS-004 - BMS System_BMS System_S3 Suitable for Review and Comment_A/5. Equipment Schedules and Data Sheets/5.1 Panel Equipment/Power Supply PS-24V Specification Sheet.pdf
131,../BData/TS-004 - BMS System_BMS System_S3 Suitable for Review and Comment_A/5. Equipment Schedules and Data Sheets/5.1 Panel Equipment/EcoStruxure Panel Server_PAS600L .pdf
132,../BData/TS-004 - BMS System_BMS System_S3 Suitable for Review and Comment_A/5. Equipment Schedules and Data Sheets/5.1 Panel Equipment/IO Modules AO-V-8 and AO-V-8-H Specification Sheet.pdf
133,../BData/TS-004 - BMS System_BMS System_S3 Suitable for Review and Comment_A/5. Equipment Schedules and Data Sheets/5.1 Panel Equipment/IO Modules DO-FC-8 and DO-FC-8-H Specification Sheet.pdf
134,../BData/TS-004 - BMS System_BMS System_S3 Suitable for Review and Comment_A/5. Equipment Schedules and Data Sheets/5.1 Panel Equipment/GS300MC 260321.pdf
135,../BData/TS-004 - BMS System_BMS System_S3 Suitable for Review and Comment_A/5. Equipment Schedules and Data Sheets/5.1 Panel Equipment/IO Module DI-16 Specification Sheet.pdf
136,../BData/TS-004 - BMS System_BMS System_S3 Suitable for Review and Comment_A/5. Equipment Schedules and Data Sheets/5.1 Panel Equipment/IO Modules UI-8 AO-4 and UI-8 AO-4-H Specification Sheet.pdf
137,../BData/TS-004 - BMS System_BMS System_S3 Suitable for Review and Comment_A/5. Equipment Schedules and Data Sheets/5.1 Panel Equipment/IO Module UI-16 Specification Sheet.pdf
138,../BData/TS-004 - BMS System_BMS System_S3 Suitable for Review and Comment_A/5. Equipment Schedules and Data Sheets/5.1 Panel Equipment/Advanced Display v3.pdf
139,../BData/TS-004 - BMS System_BMS System_S3 Suitable for Review and Comment_A/5. Equipment Schedules and Data Sheets/5.1 Panel Equipment/Panel Server User Guide.pdf
140,../BData/TS-004 - BMS System_BMS System_S3 Suitable for Review and Comment_A/5. Equipment Schedules and Data Sheets/5.1 Panel Equipment/AS-P Specification Sheet - SmartStruxure Solution.pdf
141,../BData/TS-004 - BMS System_BMS System_S3 Suitable for Review and Comment_A/5. Equipment Schedules and Data Sheets/5.1 Panel Equipment/IO Modules DO-FA-12 and DO-FA-12-H Specification Sheet.pdf
142,../BData/TS-004 - BMS System_BMS System_S3 Suitable for Review and Comment_A/5. Equipment Schedules and Data Sheets/5.1 Panel Equipment/IO Module AO-8 Specification Sheet.pdf
143,../BData/TS-004 - BMS System_BMS System_S3 Suitable for Review and Comment_A/5. Equipment Schedules and Data Sheets/5.2 Field Equipment/TT-S_TFHVY3d.pdf
144,../BData/TS-004 - BMS System_BMS System_S3 Suitable for Review and Comment_A/5. Equipment Schedules and Data Sheets/5.2 Field Equipment/TT-PO_CFCiurF.pdf
145,../BData/TS-004 - BMS System_BMS System_S3 Suitable for Review and Comment_A/5. Equipment Schedules and Data Sheets/5.2 Field Equipment/PA-DPS-9x_n9xGD3B.pdf
146,../BData/TS-004 - BMS System_BMS System_S3 Suitable for Review and Comment_A/5. Equipment Schedules and Data Sheets/5.2 Field Equipment/028-0418-11_II-SER8350-2.5.1_EN_CP20211005.pdf
147,../BData/TS-004 - BMS System_BMS System_S3 Suitable for Review and Comment_A/5. Equipment Schedules and Data Sheets/5.2 Field Equipment/H&C KOB 160421.pdf
148,../BData/TS-004 - BMS System_BMS System_S3 Suitable for Review and Comment_A/5. Equipment Schedules and Data Sheets/5.2 Field Equipment/028-0432-07_AG-SE(R)8350_EN_RH20200520.pdf
149,../BData/TS-004 - BMS System_BMS System_S3 Suitable for Review and Comment_A/5. Equipment Schedules and Data Sheets/5.2 Field Equipment/MULTICAL 403 250321.pdf
150,../BData/TS-004 - BMS System_BMS System_S3 Suitable for Review and Comment_A/5. Equipment Schedules and Data Sheets/5.2 Field Equipment/FS-541.pdf
151,../BData/TS-004 - BMS System_BMS System_S3 Suitable for Review and Comment_A/5. Equipment Schedules and Data Sheets/5.2 Field Equipment/belimo_SM24A-SR_datasheet_en-gb.pdf
152,../BData/TS-004 - BMS System_BMS System_S3 Suitable for Review and Comment_A/5. Equipment Schedules and Data Sheets/5.2 Field Equipment/Kamstrup Multical 603 Installation data sheet.pdf
153,../BData/TS-004 - BMS System_BMS System_S3 Suitable for Review and Comment_A/5. Equipment Schedules and Data Sheets/5.2 Field Equipment/belimo_GM24A_datasheet_en-gb.pdf
154,../BData/TS-004 - BMS System_BMS System_S3 Suitable for Review and Comment_A/5. Equipment Schedules and Data Sheets/5.2 Field Equipment/VMR 260321.pdf
155,../BData/TS-004 - BMS System_BMS System_S3 Suitable for Review and Comment_A/5. Equipment Schedules and Data Sheets/5.2 Field Equipment/TT-D_R4wrsIB.pdf
156,../BData/TS-004 - BMS System_BMS System_S3 Suitable for Review and Comment_A/5. Equipment Schedules and Data Sheets/5.2 Field Equipment/ST-FRE_vsxTxNf.pdf
157,../BData/TS-004 - BMS System_BMS System_S3 Suitable for Review and Comment_A/5. Equipment Schedules and Data Sheets/5.2 Field Equipment/TT-555_NNhqLMZ.pdf
158,../BData/TS-004 - BMS System_BMS System_S3 Suitable for Review and Comment_A/5. Equipment Schedules and Data Sheets/5.2 Field Equipment/PA-267.pdf
159,../BData/TS-004 - BMS System_BMS System_S3 Suitable for Review and Comment_A/5. Equipment Schedules and Data Sheets/5.2 Field Equipment/RH-D.pdf
160,../BData/TS-004 - BMS System_BMS System_S3 Suitable for Review and Comment_A/5. Equipment Schedules and Data Sheets/5.2 Field Equipment/SE8350 Room Controller.pdf
161,../BData/TS-004 - BMS System_BMS System_S3 Suitable for Review and Comment_A/5. Equipment Schedules and Data Sheets/5.2 Field Equipment/RH-O.pdf
162,../BData/TS-004 - BMS System_BMS System_S3 Suitable for Review and Comment_A/5. Equipment Schedules and Data Sheets/5.2 Field Equipment/CO100AR 260321.pdf
163,../BData/TS-004 - BMS System_BMS System_S3 Suitable for Review and Comment_A/5. Equipment Schedules and Data Sheets/5.2 Field Equipment/belimo_SMD24A_datasheet_en-gb.pdf
164,../BData/TS-004 - BMS System_BMS System_S3 Suitable for Review and Comment_A/5. Equipment Schedules and Data Sheets/5.2 Field Equipment/SLA-SLP Sensors.pdf
165,../BData/TS-004 - BMS System_BMS System_S3 Suitable for Review and Comment_A/5. Equipment Schedules and Data Sheets/5.2 Field Equipment/028-6048-13_UI-SER8350_A4_EN_CP20200507.pdf
166,../BData/TS-004 - BMS System_BMS System_S3 Suitable for Review and Comment_A/5. Equipment Schedules and Data Sheets/5.2 Field Equipment/TT-C_FnYputA.pdf
167,../BData/TS-004 - BMS System_BMS System_S3 Suitable for Review and Comment_A/5. Equipment Schedules and Data Sheets/5.2 Field Equipment/PA-60-x_HlE2iD7.pdf
168,../BData/TS-004 - BMS System_BMS System_S3 Suitable for Review and Comment_A/5. Equipment Schedules and Data Sheets/5.2 Field Equipment/AV-EP_MPS_1hzLo5s.pdf
169,../BData/TS-004 - BMS System_BMS System_S3 Suitable for Review and Comment_A/5. Equipment Schedules and Data Sheets/5.2 Field Equipment/Kamstrup Multical 403 Installation data sheet.pdf
170,../BData/TS-004 - BMS System_BMS System_S3 Suitable for Review and Comment_A/5. Equipment Schedules and Data Sheets/5.2 Field Equipment/PA-65-x.pdf
171,../BData/TS-004 - BMS System_BMS System_S3 Suitable for Review and Comment_A/5. Equipment Schedules and Data Sheets/5.2 Field Equipment/belimo_LM24A-SR_datasheet_en-gb.pdf
172,../BData/TS-004 - BMS System_BMS System_S3 Suitable for Review and Comment_A/5. Equipment Schedules and Data Sheets/5.2 Field Equipment/SpaceLogic SLP Series Humidity Sensors - BACnet and Modbus Specification Sheet.pdf
173,../BData/TS-004 - BMS System_BMS System_S3 Suitable for Review and Comment_A/5. Equipment Schedules and Data Sheets/5.2 Field Equipment/belimo_LMQ24A_datasheet_en-gb.pdf
174,../BData/TS-004 - BMS System_BMS System_S3 Suitable for Review and Comment_A/5. Equipment Schedules and Data Sheets/5.2 Field Equipment/H&C ETL 160421.pdf
175,../BData/TS-004 - BMS System_BMS System_S3 Suitable for Review and Comment_A/5. Equipment Schedules and Data Sheets/5.2 Field Equipment/SGM595 260321.pdf
176,../BData/TS-004 - BMS System_BMS System_S3 Suitable for Review and Comment_A/5. Equipment Schedules and Data Sheets/5.2 Field Equipment/TT-I_VmghouW.pdf
177,../BData/TS-004 - BMS System_BMS System_S3 Suitable for Review and Comment_A/5. Equipment Schedules and Data Sheets/5.2 Field Equipment/MULTICAL 603 250321.pdf
178,../BData/TS-004 - BMS System_BMS System_S3 Suitable for Review and Comment_A/5. Equipment Schedules and Data Sheets/5.1 Panel Equipment/Power Supply PS-24V Specification Sheet.pdf
179,../BData/TS-004 - BMS System_BMS System_S3 Suitable for Review and Comment_A/5. Equipment Schedules and Data Sheets/5.1 Panel Equipment/EcoStruxure Panel Server_PAS600L .pdf
180,../BData/TS-004 - BMS System_BMS System_S3 Suitable for Review and Comment_A/5. Equipment Schedules and Data Sheets/5.1 Panel Equipment/IO Modules AO-V-8 and AO-V-8-H Specification Sheet.pdf
181,../BData/TS-004 - BMS System_BMS System_S3 Suitable for Review and Comment_A/5. Equipment Schedules and Data Sheets/5.1 Panel Equipment/IO Modules DO-FC-8 and DO-FC-8-H Specification Sheet.pdf
182,../BData/TS-004 - BMS System_BMS System_S3 Suitable for Review and Comment_A/5. Equipment Schedules and Data Sheets/5.1 Panel Equipment/GS300MC 260321.pdf
183,../BData/TS-004 - BMS System_BMS System_S3 Suitable for Review and Comment_A/5. Equipment Schedules and Data Sheets/5.1 Panel Equipment/IO Module DI-16 Specification Sheet.pdf
184,../BData/TS-004 - BMS System_BMS System_S3 Suitable for Review and Comment_A/5. Equipment Schedules and Data Sheets/5.1 Panel Equipment/IO Modules UI-8 AO-4 and UI-8 AO-4-H Specification Sheet.pdf
185,../BData/TS-004 - BMS System_BMS System_S3 Suitable for Review and Comment_A/5. Equipment Schedules and Data Sheets/5.1 Panel Equipment/IO Module UI-16 Specification Sheet.pdf
186,../BData/TS-004 - BMS System_BMS System_S3 Suitable for Review and Comment_A/5. Equipment Schedules and Data Sheets/5.1 Panel Equipment/Advanced Display v3.pdf
187,../BData/TS-004 - BMS System_BMS System_S3 Suitable for Review and Comment_A/5. Equipment Schedules and Data Sheets/5.1 Panel Equipment/Panel Server User Guide.pdf
188,../BData/TS-004 - BMS System_BMS System_S3 Suitable for Review and Comment_A/5. Equipment Schedules and Data Sheets/5.1 Panel Equipment/AS-P Specification Sheet - SmartStruxure Solution.pdf
189,../BData/TS-004 - BMS System_BMS System_S3 Suitable for Review and Comment_A/5. Equipment Schedules and Data Sheets/5.1 Panel Equipment/IO Modules DO-FA-12 and DO-FA-12-H Specification Sheet.pdf
190,../BData/TS-004 - BMS System_BMS System_S3 Suitable for Review and Comment_A/5. Equipment Schedules and Data Sheets/5.1 Panel Equipment/IO Module AO-8 Specification Sheet.pdf
191,../BData/TS-004 - BMS System_BMS System_S3 Suitable for Review and Comment_A/2. Description of Operation/P05254-DOO Rev4.pdf
192,../BData/TS-004 - BMS System_BMS System_S3 Suitable for Review and Comment_A/4. Drawings/P05254-MCC3-Rev6.pdf
193,../BData/TS-004 - BMS System_BMS System_S3 Suitable for Review and Comment_A/4. Drawings/P05254-MCC1-Rev5.pdf
194,../BData/TS-004 - BMS System_BMS System_S3 Suitable for Review and Comment_A/4. Drawings/P05254-MCC2-Rev5.pdf
195,../BData/TS-004 - BMS System_BMS System_S3 Suitable for Review and Comment_A/4. Drawings/P05254-MCC4-Rev4.pdf
196,../BData/TS-004 - BMS System_BMS System_S3 Suitable for Review and Comment_A/4. Drawings/P05254 - FCU Rev2.pdf
197,../BData/TS-004 - BMS System_BMS System_S3 Suitable for Review and Comment_A/TS-004 - BMS System.pdf
198,../BData/TS-004 - BMS System_BMS System_S3 Suitable for Review and Comment_A/P05254-TS00 Rev1.pdf
199,../BData/TS-004 - BMS System_BMS System_S3 Suitable for Review and Comment_A/3. Points List/P05254-PL-MCC1 Rev8.pdf
200,../BData/TS-004 - BMS System_BMS System_S3 Suitable for Review and Comment_A/3. Points List/P05254-PL-MCC4 Rev8.pdf
201,../BData/TS-004 - BMS System_BMS System_S3 Suitable for Review and Comment_A/3. Points List/P05254-PL-FCU's Rev8.pdf
202,../BData/TS-004 - BMS System_BMS System_S3 Suitable for Review and Comment_A/3. Points List/P05254-PL-N-MCC4 Rev8.pdf
203,../BData/TS-004 - BMS System_BMS System_S3 Suitable for Review and Comment_A/3. Points List/P05254-PL-MCC3 Rev8.pdf
204,../BData/TS-004 - BMS System_BMS System_S3 Suitable for Review and Comment_A/3. Points List/P05254-PL-MCC2 Rev8.pdf
205,../BData/TS-004 - BMS System_BMS System_S3 Suitable for Review and Comment_A/3. Points List/P05254-PL-N-MCC1 Rev8.pdf
206,../BData/TS-004 - BMS System_BMS System_S3 Suitable for Review and Comment_A/3. Points List/P05254-PL-N-MCC2 Rev8.pdf
207,../BData/TS-004 - BMS System_BMS System_S3 Suitable for Review and Comment_A/3. Points List/P05254-PL-N-MCC3 Rev8.pdf
208,../BData/TS-004 - BMS System_BMS System_S3 Suitable for Review and Comment_A/5. Equipment Schedules and Data Sheets/5.2 Field Equipment/TT-S_TFHVY3d.pdf
209,../BData/TS-004 - BMS System_BMS System_S3 Suitable for Review and Comment_A/5. Equipment Schedules and Data Sheets/5.2 Field Equipment/TT-PO_CFCiurF.pdf
210,../BData/TS-004 - BMS System_BMS System_S3 Suitable for Review and Comment_A/5. Equipment Schedules and Data Sheets/5.2 Field Equipment/PA-DPS-9x_n9xGD3B.pdf
211,../BData/TS-004 - BMS System_BMS System_S3 Suitable for Review and Comment_A/5. Equipment Schedules and Data Sheets/5.2 Field Equipment/028-0418-11_II-SER8350-2.5.1_EN_CP20211005.pdf
212,../BData/TS-004 - BMS System_BMS System_S3 Suitable for Review and Comment_A/5. Equipment Schedules and Data Sheets/5.2 Field Equipment/H&C KOB 160421.pdf
213,../BData/TS-004 - BMS System_BMS System_S3 Suitable for Review and Comment_A/5. Equipment Schedules and Data Sheets/5.2 Field Equipment/028-0432-07_AG-SE(R)8350_EN_RH20200520.pdf
214,../BData/TS-004 - BMS System_BMS System_S3 Suitable for Review and Comment_A/5. Equipment Schedules and Data Sheets/5.2 Field Equipment/MULTICAL 403 250321.pdf
215,../BData/TS-004 - BMS System_BMS System_S3 Suitable for Review and Comment_A/5. Equipment Schedules and Data Sheets/5.2 Field Equipment/FS-541.pdf
216,../BData/TS-004 - BMS System_BMS System_S3 Suitable for Review and Comment_A/5. Equipment Schedules and Data Sheets/5.2 Field Equipment/belimo_SM24A-SR_datasheet_en-gb.pdf
217,../BData/TS-004 - BMS System_BMS System_S3 Suitable for Review and Comment_A/5. Equipment Schedules and Data Sheets/5.2 Field Equipment/Kamstrup Multical 603 Installation data sheet.pdf
218,../BData/TS-004 - BMS System_BMS System_S3 Suitable for Review and Comment_A/5. Equipment Schedules and Data Sheets/5.2 Field Equipment/belimo_GM24A_datasheet_en-gb.pdf
219,../BData/TS-004 - BMS System_BMS System_S3 Suitable for Review and Comment_A/5. Equipment Schedules and Data Sheets/5.2 Field Equipment/VMR 260321.pdf
220,../BData/TS-004 - BMS System_BMS System_S3 Suitable for Review and Comment_A/5. Equipment Schedules and Data Sheets/5.2 Field Equipment/TT-D_R4wrsIB.pdf
221,../BData/TS-004 - BMS System_BMS System_S3 Suitable for Review and Comment_A/5. Equipment Schedules and Data Sheets/5.2 Field Equipment/ST-FRE_vsxTxNf.pdf
222,../BData/TS-004 - BMS System_BMS System_S3 Suitable for Review and Comment_A/5. Equipment Schedules and Data Sheets/5.2 Field Equipment/TT-555_NNhqLMZ.pdf
223,../BData/TS-004 - BMS System_BMS System_S3 Suitable for Review and Comment_A/5. Equipment Schedules and Data Sheets/5.2 Field Equipment/PA-267.pdf
224,../BData/TS-004 - BMS System_BMS System_S3 Suitable for Review and Comment_A/5. Equipment Schedules and Data Sheets/5.2 Field Equipment/RH-D.pdf
225,../BData/TS-004 - BMS System_BMS System_S3 Suitable for Review and Comment_A/5. Equipment Schedules and Data Sheets/5.2 Field Equipment/SE8350 Room Controller.pdf
226,../BData/TS-004 - BMS System_BMS System_S3 Suitable for Review and Comment_A/5. Equipment Schedules and Data Sheets/5.2 Field Equipment/RH-O.pdf
227,../BData/TS-004 - BMS System_BMS System_S3 Suitable for Review and Comment_A/5. Equipment Schedules and Data Sheets/5.2 Field Equipment/CO100AR 260321.pdf
228,../BData/TS-004 - BMS System_BMS System_S3 Suitable for Review and Comment_A/5. Equipment Schedules and Data Sheets/5.2 Field Equipment/belimo_SMD24A_datasheet_en-gb.pdf
229,../BData/TS-004 - BMS System_BMS System_S3 Suitable for Review and Comment_A/5. Equipment Schedules and Data Sheets/5.2 Field Equipment/SLA-SLP Sensors.pdf
230,../BData/TS-004 - BMS System_BMS System_S3 Suitable for Review and Comment_A/5. Equipment Schedules and Data Sheets/5.2 Field Equipment/028-6048-13_UI-SER8350_A4_EN_CP20200507.pdf
231,../BData/TS-004 - BMS System_BMS System_S3 Suitable for Review and Comment_A/5. Equipment Schedules and Data Sheets/5.2 Field Equipment/TT-C_FnYputA.pdf
232,../BData/TS-004 - BMS System_BMS System_S3 Suitable for Review and Comment_A/5. Equipment Schedules and Data Sheets/5.2 Field Equipment/PA-60-x_HlE2iD7.pdf
233,../BData/TS-004 - BMS System_BMS System_S3 Suitable for Review and Comment_A/5. Equipment Schedules and Data Sheets/5.2 Field Equipment/AV-EP_MPS_1hzLo5s.pdf
234,../BData/TS-004 - BMS System_BMS System_S3 Suitable for Review and Comment_A/5. Equipment Schedules and Data Sheets/5.2 Field Equipment/Kamstrup Multical 403 Installation data sheet.pdf
235,../BData/TS-004 - BMS System_BMS System_S3 Suitable for Review and Comment_A/5. Equipment Schedules and Data Sheets/5.2 Field Equipment/PA-65-x.pdf
236,../BData/TS-004 - BMS System_BMS System_S3 Suitable for Review and Comment_A/5. Equipment Schedules and Data Sheets/5.2 Field Equipment/belimo_LM24A-SR_datasheet_en-gb.pdf
237,../BData/TS-004 - BMS System_BMS System_S3 Suitable for Review and Comment_A/5. Equipment Schedules and Data Sheets/5.2 Field Equipment/SpaceLogic SLP Series Humidity Sensors - BACnet and Modbus Specification Sheet.pdf
238,../BData/TS-004 - BMS System_BMS System_S3 Suitable for Review and Comment_A/5. Equipment Schedules and Data Sheets/5.2 Field Equipment/belimo_LMQ24A_datasheet_en-gb.pdf
239,../BData/TS-004 - BMS System_BMS System_S3 Suitable for Review and Comment_A/5. Equipment Schedules and Data Sheets/5.2 Field Equipment/H&C ETL 160421.pdf
240,../BData/TS-004 - BMS System_BMS System_S3 Suitable for Review and Comment_A/5. Equipment Schedules and Data Sheets/5.2 Field Equipment/SGM595 260321.pdf
241,../BData/TS-004 - BMS System_BMS System_S3 Suitable for Review and Comment_A/5. Equipment Schedules and Data Sheets/5.2 Field Equipment/TT-I_VmghouW.pdf
242,../BData/TS-004 - BMS System_BMS System_S3 Suitable for Review and Comment_A/5. Equipment Schedules and Data Sheets/5.2 Field Equipment/MULTICAL 603 250321.pdf
243,../BData/TS-004 - BMS System_BMS System_S3 Suitable for Review and Comment_A/5. Equipment Schedules and Data Sheets/5.1 Panel Equipment/Power Supply PS-24V Specification Sheet.pdf
244,../BData/TS-004 - BMS System_BMS System_S3 Suitable for Review and Comment_A/5. Equipment Schedules and Data Sheets/5.1 Panel Equipment/EcoStruxure Panel Server_PAS600L .pdf
245,../BData/TS-004 - BMS System_BMS System_S3 Suitable for Review and Comment_A/5. Equipment Schedules and Data Sheets/5.1 Panel Equipment/IO Modules AO-V-8 and AO-V-8-H Specification Sheet.pdf
246,../BData/TS-004 - BMS System_BMS System_S3 Suitable for Review and Comment_A/5. Equipment Schedules and Data Sheets/5.1 Panel Equipment/IO Modules DO-FC-8 and DO-FC-8-H Specification Sheet.pdf
247,../BData/TS-004 - BMS System_BMS System_S3 Suitable for Review and Comment_A/5. Equipment Schedules and Data Sheets/5.1 Panel Equipment/GS300MC 260321.pdf
248,../BData/TS-004 - BMS System_BMS System_S3 Suitable for Review and Comment_A/5. Equipment Schedules and Data Sheets/5.1 Panel Equipment/IO Module DI-16 Specification Sheet.pdf
249,../BData/TS-004 - BMS System_BMS System_S3 Suitable for Review and Comment_A/5. Equipment Schedules and Data Sheets/5.1 Panel Equipment/IO Modules UI-8 AO-4 and UI-8 AO-4-H Specification Sheet.pdf
250,../BData/TS-004 - BMS System_BMS System_S3 Suitable for Review and Comment_A/5. Equipment Schedules and Data Sheets/5.1 Panel Equipment/IO Module UI-16 Specification Sheet.pdf
251,../BData/TS-004 - BMS System_BMS System_S3 Suitable for Review and Comment_A/5. Equipment Schedules and Data Sheets/5.1 Panel Equipment/Advanced Display v3.pdf
252,../BData/TS-004 - BMS System_BMS System_S3 Suitable for Review and Comment_A/5. Equipment Schedules and Data Sheets/5.1 Panel Equipment/Panel Server User Guide.pdf
253,../BData/TS-004 - BMS System_BMS System_S3 Suitable for Review and Comment_A/5. Equipment Schedules and Data Sheets/5.1 Panel Equipment/AS-P Specification Sheet - SmartStruxure Solution.pdf
254,../BData/TS-004 - BMS System_BMS System_S3 Suitable for Review and Comment_A/5. Equipment Schedules and Data Sheets/5.1 Panel Equipment/IO Modules DO-FA-12 and DO-FA-12-H Specification Sheet.pdf
255,../BData/TS-004 - BMS System_BMS System_S3 Suitable for Review and Comment_A/5. Equipment Schedules and Data Sheets/5.1 Panel Equipment/IO Module AO-8 Specification Sheet.pdf
256,../BData/TS-004 - BMS System_BMS System_S3 Suitable for Review and Comment_A/2. Description of Operation/P05254-DOO Rev4.pdf
257,../BData/TS-004 - BMS System_BMS System_S3 Suitable for Review and Comment_A/4. Drawings/P05254-MCC3-Rev6.pdf
258,../BData/TS-004 - BMS System_BMS System_S3 Suitable for Review and Comment_A/4. Drawings/P05254-MCC1-Rev5.pdf
259,../BData/TS-004 - BMS System_BMS System_S3 Suitable for Review and Comment_A/4. Drawings/P05254-MCC2-Rev5.pdf
260,../BData/TS-004 - BMS System_BMS System_S3 Suitable for Review and Comment_A/4. Drawings/P05254-MCC4-Rev4.pdf
261,../BData/TS-004 - BMS System_BMS System_S3 Suitable for Review and Comment_A/4. Drawings/P05254 - FCU Rev2.pdf
262,../BData/TS-004 - BMS System_BMS System_S3 Suitable for Review and Comment_A/5. Equipment Schedules and Data Sheets/5.2 Field Equipment/TT-S_TFHVY3d.pdf
263,../BData/TS-004 - BMS System_BMS System_S3 Suitable for Review and Comment_A/5. Equipment Schedules and Data Sheets/5.2 Field Equipment/TT-PO_CFCiurF.pdf
264,../BData/TS-004 - BMS System_BMS System_S3 Suitable for Review and Comment_A/5. Equipment Schedules and Data Sheets/5.2 Field Equipment/PA-DPS-9x_n9xGD3B.pdf
265,../BData/TS-004 - BMS System_BMS System_S3 Suitable for Review and Comment_A/5. Equipment Schedules and Data Sheets/5.2 Field Equipment/028-0418-11_II-SER8350-2.5.1_EN_CP20211005.pdf
266,../BData/TS-004 - BMS System_BMS System_S3 Suitable for Review and Comment_A/5. Equipment Schedules and Data Sheets/5.2 Field Equipment/H&C KOB 160421.pdf
267,../BData/TS-004 - BMS System_BMS System_S3 Suitable for Review and Comment_A/5. Equipment Schedules and Data Sheets/5.2 Field Equipment/028-0432-07_AG-SE(R)8350_EN_RH20200520.pdf
268,../BData/TS-004 - BMS System_BMS System_S3 Suitable for Review and Comment_A/5. Equipment Schedules and Data Sheets/5.2 Field Equipment/MULTICAL 403 250321.pdf
269,../BData/TS-004 - BMS System_BMS System_S3 Suitable for Review and Comment_A/5. Equipment Schedules and Data Sheets/5.2 Field Equipment/FS-541.pdf
270,../BData/TS-004 - BMS System_BMS System_S3 Suitable for Review and Comment_A/5. Equipment Schedules and Data Sheets/5.2 Field Equipment/belimo_SM24A-SR_datasheet_en-gb.pdf
271,../BData/TS-004 - BMS System_BMS System_S3 Suitable for Review and Comment_A/5. Equipment Schedules and Data Sheets/5.2 Field Equipment/Kamstrup Multical 603 Installation data sheet.pdf
272,../BData/TS-004 - BMS System_BMS System_S3 Suitable for Review and Comment_A/5. Equipment Schedules and Data Sheets/5.2 Field Equipment/belimo_GM24A_datasheet_en-gb.pdf
273,../BData/TS-004 - BMS System_BMS System_S3 Suitable for Review and Comment_A/5. Equipment Schedules and Data Sheets/5.2 Field Equipment/VMR 260321.pdf
274,../BData/TS-004 - BMS System_BMS System_S3 Suitable for Review and Comment_A/5. Equipment Schedules and Data Sheets/5.2 Field Equipment/TT-D_R4wrsIB.pdf
275,../BData/TS-004 - BMS System_BMS System_S3 Suitable for Review and Comment_A/5. Equipment Schedules and Data Sheets/5.2 Field Equipment/ST-FRE_vsxTxNf.pdf
276,../BData/TS-004 - BMS System_BMS System_S3 Suitable for Review and Comment_A/5. Equipment Schedules and Data Sheets/5.2 Field Equipment/TT-555_NNhqLMZ.pdf
277,../BData/TS-004 - BMS System_BMS System_S3 Suitable for Review and Comment_A/5. Equipment Schedules and Data Sheets/5.2 Field Equipment/PA-267.pdf
278,../BData/TS-004 - BMS System_BMS System_S3 Suitable for Review and Comment_A/5. Equipment Schedules and Data Sheets/5.2 Field Equipment/RH-D.pdf
279,../BData/TS-004 - BMS System_BMS System_S3 Suitable for Review and Comment_A/5. Equipment Schedules and Data Sheets/5.2 Field Equipment/SE8350 Room Controller.pdf
280,../BData/TS-004 - BMS System_BMS System_S3 Suitable for Review and Comment_A/5. Equipment Schedules and Data Sheets/5.2 Field Equipment/RH-O.pdf
281,../BData/TS-004 - BMS System_BMS System_S3 Suitable for Review and Comment_A/5. Equipment Schedules and Data Sheets/5.2 Field Equipment/CO100AR 260321.pdf
282,../BData/TS-004 - BMS System_BMS System_S3 Suitable for Review and Comment_A/5. Equipment Schedules and Data Sheets/5.2 Field Equipment/belimo_SMD24A_datasheet_en-gb.pdf
283,../BData/TS-004 - BMS System_BMS System_S3 Suitable for Review and Comment_A/5. Equipment Schedules and Data Sheets/5.2 Field Equipment/SLA-SLP Sensors.pdf
284,../BData/TS-004 - BMS System_BMS System_S3 Suitable for Review and Comment_A/5. Equipment Schedules and Data Sheets/5.2 Field Equipment/028-6048-13_UI-SER8350_A4_EN_CP20200507.pdf
285,../BData/TS-004 - BMS System_BMS System_S3 Suitable for Review and Comment_A/5. Equipment Schedules and Data Sheets/5.2 Field Equipment/TT-C_FnYputA.pdf
286,../BData/TS-004 - BMS System_BMS System_S3 Suitable for Review and Comment_A/5. Equipment Schedules and Data Sheets/5.2 Field Equipment/PA-60-x_HlE2iD7.pdf
287,../BData/TS-004 - BMS System_BMS System_S3 Suitable for Review and Comment_A/5. Equipment Schedules and Data Sheets/5.2 Field Equipment/AV-EP_MPS_1hzLo5s.pdf
288,../BData/TS-004 - BMS System_BMS System_S3 Suitable for Review and Comment_A/5. Equipment Schedules and Data Sheets/5.2 Field Equipment/Kamstrup Multical 403 Installation data sheet.pdf
289,../BData/TS-004 - BMS System_BMS System_S3 Suitable for Review and Comment_A/5. Equipment Schedules and Data Sheets/5.2 Field Equipment/PA-65-x.pdf
290,../BData/TS-004 - BMS System_BMS System_S3 Suitable for Review and Comment_A/5. Equipment Schedules and Data Sheets/5.2 Field Equipment/belimo_LM24A-SR_datasheet_en-gb.pdf
291,../BData/TS-004 - BMS System_BMS System_S3 Suitable for Review and Comment_A/5. Equipment Schedules and Data Sheets/5.2 Field Equipment/SpaceLogic SLP Series Humidity Sensors - BACnet and Modbus Specification Sheet.pdf
292,../BData/TS-004 - BMS System_BMS System_S3 Suitable for Review and Comment_A/5. Equipment Schedules and Data Sheets/5.2 Field Equipment/belimo_LMQ24A_datasheet_en-gb.pdf
293,../BData/TS-004 - BMS System_BMS System_S3 Suitable for Review and Comment_A/5. Equipment Schedules and Data Sheets/5.2 Field Equipment/H&C ETL 160421.pdf
294,../BData/TS-004 - BMS System_BMS System_S3 Suitable for Review and Comment_A/5. Equipment Schedules and Data Sheets/5.2 Field Equipment/SGM595 260321.pdf
295,../BData/TS-004 - BMS System_BMS System_S3 Suitable for Review and Comment_A/5. Equipment Schedules and Data Sheets/5.2 Field Equipment/TT-I_VmghouW.pdf
296,../BData/TS-004 - BMS System_BMS System_S3 Suitable for Review and Comment_A/5. Equipment Schedules and Data Sheets/5.2 Field Equipment/MULTICAL 603 250321.pdf
297,../BData/TS-004 - BMS System_BMS System_S3 Suitable for Review and Comment_A/5. Equipment Schedules and Data Sheets/5.1 Panel Equipment/Power Supply PS-24V Specification Sheet.pdf
298,../BData/TS-004 - BMS System_BMS System_S3 Suitable for Review and Comment_A/5. Equipment Schedules and Data Sheets/5.1 Panel Equipment/EcoStruxure Panel Server_PAS600L .pdf
299,../BData/TS-004 - BMS System_BMS System_S3 Suitable for Review and Comment_A/5. Equipment Schedules and Data Sheets/5.1 Panel Equipment/IO Modules AO-V-8 and AO-V-8-H Specification Sheet.pdf
300,../BData/TS-004 - BMS System_BMS System_S3 Suitable for Review and Comment_A/5. Equipment Schedules and Data Sheets/5.1 Panel Equipment/IO Modules DO-FC-8 and DO-FC-8-H Specification Sheet.pdf
301,../BData/TS-004 - BMS System_BMS System_S3 Suitable for Review and Comment_A/5. Equipment Schedules and Data Sheets/5.1 Panel Equipment/GS300MC 260321.pdf
302,../BData/TS-004 - BMS System_BMS System_S3 Suitable for Review and Comment_A/5. Equipment Schedules and Data Sheets/5.1 Panel Equipment/IO Module DI-16 Specification Sheet.pdf
303,../BData/TS-004 - BMS System_BMS System_S3 Suitable for Review and Comment_A/5. Equipment Schedules and Data Sheets/5.1 Panel Equipment/IO Modules UI-8 AO-4 and UI-8 AO-4-H Specification Sheet.pdf
304,../BData/TS-004 - BMS System_BMS System_S3 Suitable for Review and Comment_A/5. Equipment Schedules and Data Sheets/5.1 Panel Equipment/IO Module UI-16 Specification Sheet.pdf
305,../BData/TS-004 - BMS System_BMS System_S3 Suitable for Review and Comment_A/5. Equipment Schedules and Data Sheets/5.1 Panel Equipment/Advanced Display v3.pdf
306,../BData/TS-004 - BMS System_BMS System_S3 Suitable for Review and Comment_A/5. Equipment Schedules and Data Sheets/5.1 Panel Equipment/Panel Server User Guide.pdf
307,../BData/TS-004 - BMS System_BMS System_S3 Suitable for Review and Comment_A/5. Equipment Schedules and Data Sheets/5.1 Panel Equipment/AS-P Specification Sheet - SmartStruxure Solution.pdf
308,../BData/TS-004 - BMS System_BMS System_S3 Suitable for Review and Comment_A/5. Equipment Schedules and Data Sheets/5.1 Panel Equipment/IO Modules DO-FA-12 and DO-FA-12-H Specification Sheet.pdf
309,../BData/TS-004 - BMS System_BMS System_S3 Suitable for Review and Comment_A/5. Equipment Schedules and Data Sheets/5.1 Panel Equipment/IO Module AO-8 Specification Sheet.pdf
310,../BData/5127-WSP-RP-0001_Site Carbon Factor Report_Planning_0.pdf
311,../BData/382311-3514-SND-WBC108-ZZ-TS-X-0106-J4100_WBC108 BMS Network Schematic_CR Construction Record_Z01.pdf
312,../BData/382311-3514-SND-WBC111F-ZZ-TS-X-0113-J4100_WBC111F BMS Network Schematic_CR Construction Record_Z01.pdf
313,../BData/TS-003 - BMS Des Ops_BMS Des Ops_S3 Suitable for Review and Comment_A/RUH Cancer Care Des Ops P02.pdf
314,../BData/TS-003 - BMS Des Ops_BMS Des Ops_S3 Suitable for Review and Comment_A/TS-003 - BMS Des Ops.pdf
315,../BData/5127-KCWW-XX-XX-SP-W-0001_BIM Execution Plan_A5 Approved and Accepted for Construction_C04/5127-KCWW-XX-XX-SP-W-0001/5127-KCWW-XX-XX-SP-W-0005_IFCModelExchangeWorkflow-P02.pdf
316,../BData/5127-KCWW-XX-XX-SP-W-0001_BIM Execution Plan_A5 Approved and Accepted for Construction_C04/5127-KCWW-XX-XX-SP-W-0001/5127-KCWW-XX-XX-SP-W-0001_BIMExecutionPlan-C04.pdf
317,../BData/5127-KCWW-XX-XX-SP-W-0001_BIM Execution Plan_A5 Approved and Accepted for Construction_C04/5127-KCWW-XX-XX-SP-W-0001/5127-KCWW-XX-XX-SP-W-0003_Appendix3.pdf
318,../BData/5127-KCWW-XX-XX-SP-W-0001_BIM Execution Plan_A5 Approved and Accepted for Construction_C04/5127-KCWW-XX-XX-SP-W-0001/5127-KCWW-XX-XX-SP-W-0002_Appendix2-C10.pdf
319,../BData/GA's/11204-IBI-XX-01-PL-A-200-0011_Building GA - Level 01 Overall_Information_6.pdf
320,../BData/GA's/11204-IBI-XX-02-PL-A-200-0012_Building GA - Level 02 Overall_Information_5.pdf
321,../BData/GA's/11204-IBI-XX-00-PL-A-200-0010_8 - Building GA - Level 00 Overall.pdf
322,../BData/Schematics/W11672-IBS-XX-ZZ-DR-M1-560902_Heating Distribution Schematic Sheet 2 of 3_S3 Suitable for Review and Comment_P02_0.pdf
323,../BData/Schematics/W11672-IBS-XX-ZZ-DR-P1-530905_Domestic Water & Gas Schematic Sheet 5 of 8_S3 Suitable for Review and Comment_P01_0.pdf
324,../BData/Schematics/W11672-IBS-XX-ZZ-DR-P1-530904_Domestic Water & Gas Schematic Sheet 4 of 8_S3 Suitable for Review and Comment_P01_0.pdf
325,../BData/Schematics/5127-WSP-XX-ZZ-DR-P-530902_Public Health - Domestic Water & Gas Schematic - Sheet 2 of 8_Preliminary # Draft_A.pdf
326,../BData/Schematics/W11672-IBS-XX-01-DR-M1-560901_Heating Plant Room Schematic_S3 Suitable for Review and Comment_P02_0.pdf
327,../BData/Schematics/5127-WSP-XX-ZZ-DR-P-530902_Domestic Water & Gas Schematic - Sheet 2 of 8_D1 Suitable for Costing_C02.pdf
328,../BData/Schematics/5127-WSP-00-ZZ-DR-E-600901_Data Infrastructure Schematic All Levels_Costing_C01_0.pdf
329,../BData/Schematics/5127-WSP-XX-ZZ-DR-P-530908_Public Health - Domestic Water & Gas Schematic - Sheet 8 of 8_Preliminary # Draft_A.pdf
330,../BData/Schematics/5127-WSP-XX-ZZ-DR-M-570904_Ventilation Schematic - AHU.OP.04_D1 Suitable for Costing_C02_0.pdf
331,../BData/Schematics/5127-WSP-XX-ZZ-DR-M-570906_Ventilation Schematic - Local Extract Systems_Costing_C01_0.pdf
332,../BData/Schematics/5127-WSP-XX-ZZ-DR-P-530903_Public Health - Domestic Water & Gas Schematic - Sheet 3 of 8_Preliminary # Draft_A.pdf
333,../BData/Schematics/5127-WSP-XX-ZZ-DR-M-570901_Ventilation Schematic - AHU.NM.01_D1 Suitable for Costing_C02_0.pdf
334,../BData/Schematics/5127-WSP-XX-02-DR-M-550901_Level 2 Cooling Plant Room Schematic_For Comment_B.pdf
335,../BData/Schematics/W11672-IBS-XX-ZZ-DR-P1-530903_Domestic Water & Gas Schematic Sheet 3 of 8_S3 Suitable for Review and Comment_P01_0.pdf
336,../BData/Schematics/5127-WSP-XX-ZZ-DR-P-530905_Public Health - Domestic Water & Gas Schematic - Sheet 5 of 8_Preliminary # Draft_A.pdf
337,../BData/Schematics/5127-WSP-XX-01-DR-M-560901_Level 1 Heating Plant Room Schematic_For Comment_B.pdf
338,../BData/Schematics/5127-WSP-XX-XX-SC-M-544901_Medical Gas Schematic_For Comment_A.pdf
339,../BData/Schematics/W11672-IBS-XX-ZZ-DR-E2-615901_LV Schematic_S3 Suitable for Review and Comment_P01_0.pdf
340,../BData/Schematics/W11672-IBS-XX-ZZ-DR-P1-530907_Domestic Water & Gas Schematic Sheet 7 of 8_S3 Suitable for Review and Comment_P01_0.pdf
341,../BData/Schematics/1669-WSP-00-ZZ-DR-E-615901 LV SCHEMATIC_1669-WSP-00-ZZ-DR-E-615901 LV SCHEMATIC.pdf_For Comment_A.pdf
342,../BData/Schematics/5127-WSP-XX-02-DR-M-550901_Cooling Plant Room Schematic_Costing_C01_0.pdf
343,../BData/Schematics/5127-WSP-00-ZZ-DR-M-550902_Cooling Distribution Schematic_Costing_C01_0.pdf
344,../BData/Schematics/W11672-IBS-XX-02-DR-M1-550901_Cooling & AC Systems Schematic_S3 Suitable for Review and Comment_P01_0.pdf
345,../BData/Schematics/5127-WSP-XX-ZZ-DR-P-530905_Domestic Water & Gas Schematic - Sheet 5 of 8_D1 Suitable for Costing_C02.pdf
346,../BData/Schematics/5127-WSP-XX-ZZ-DR-M-570905_Ventilation Schematic - AHU.IP.05_D1 Suitable for Costing_C02_0.pdf
347,../BData/Schematics/5127-WSP-XX-ZZ-DR-P-530906_Domestic Water & Gas Schematic - Sheet 6 of 8_D1 Suitable for Costing_C02.pdf
348,../BData/Schematics/W11672-IBS-XX-ZZ-DR-M1-570905_AHU 05 Ventilation Schematic_S3 Suitable for Review and Comment_P02_0.pdf
349,../BData/Schematics/W11672-IBS-XX-ZZ-DR-M1-550902_Cooling Schematic All Levels_S3 Suitable for Review and Comment_P01_0.pdf
350,../BData/Schematics/5127-WSP-XX-ZZ-DR-P-530907_Public Health - Domestic Water & Gas Schematic - Sheet 7 of 8_Preliminary # Draft_A.pdf
351,../BData/Schematics/5127-WSP-XX-ZZ-DR-P-530901_Domestic Water & Gas Schematic - Sheet 1 of 8_D1 Suitable for Costing_C02_0.pdf
352,../BData/Schematics/5127-WSP-XX-ZZ-DR-P-530903_Domestic Water & Gas Schematic - Sheet 3 of 8_D1 Suitable for Costing_C02.pdf
353,../BData/Schematics/W11672-IBS-XX-ZZ-DR-M1-570901_AHU 01 Ventilation Schematic_S3 Suitable for Review and Comment_P03.pdf
354,../BData/Schematics/W11672-IBS-XX-ZZ-DR-M1-570907_Isolation Rooms Ventilation Schematic_S3 Suitable for Review and Comment_P03_0.pdf
355,../BData/Schematics/5127-WSP-XX-ZZ-DR-P-530901_Public Health - Domestic Water & Gas Schematic - Sheet 1 of 8_Preliminary # Draft_A.pdf
356,../BData/Schematics/1669-WSP-00-ZZ-DR-E-600901 DATA SCHEMATIC_1669-WSP-00-ZZ-DR-E-600901 DATA SCHEMATIC.pdf_For Comment_A.pdf
357,../BData/Schematics/W11672-IBS-XX-ZZ-DR-M1-560901_Heating Distribution Schematic Sheet 1 of 3_S3 Suitable for Review and Comment_P02_0.pdf
358,../BData/Schematics/5127-WSP-00-ZZ-DR-E-615901_Electrical Services LV Schematic_Preliminary # Draft_A.pdf
359,../BData/Schematics/W11672-IBS-XX-ZZ-DR-M1-570904_AHU 04 Ventilation Schematic_S3 Suitable for Review and Comment_P02_0.pdf
360,../BData/Schematics/5127-WSP-XX-ZZ-DR-M-570902_Ventilation Schematic - AHU.C.02_D1 Suitable for Costing_C02_0.pdf
361,../BData/Schematics/5127-WSP-XX-ZZ-DR-M-570903_Ventilation Schematic - AHU.R.03_Costing_C01_0.pdf
362,../BData/Schematics/5127-WSP-XX-ZZ-DR-P-530906_Public Health - Domestic Water & Gas Schematic - Sheet 6 of 8_Preliminary # Draft_A.pdf
363,../BData/Schematics/W11672-IBS-XX-ZZ-DR-M1-570906_Local Extract Ventilation Schematic_S3 Suitable for Review and Comment_P03_0.pdf
364,../BData/Schematics/5127-WSP-00-ZZ-DR-E-615901_Electrical Services LV Schematic_Costing_C01_0.pdf
365,../BData/Schematics/5127-WSP-00-ZZ-DR-M-560903_Heating Distribution Schematic Sheet 3 of 3_Costing_C01.pdf
366,../BData/Schematics/5127-WSP-XX-ZZ-DR-M-570907_Ventilation Schematic - Isolation Room Systems_Costing_C01_0.pdf
367,../BData/Schematics/5127-WSP-XX-ZZ-DR-P-530908_Domestic Water & Gas Schematic - Sheet 8 of 8_D1 Suitable for Costing_C02.pdf
368,../BData/Schematics/5127-WSP-00-ZZ-DR-M-560902_Heating Distribution Schematic Sheet 2 of 3_Costing_C01.pdf
369,../BData/Schematics/5127-WSP-XX-ZZ-DR-P-530907_Domestic Water & Gas Schematic - Sheet 7 of 8_D1 Suitable for Costing_C02.pdf
370,../BData/Schematics/W11672-IBS-XX-ZZ-DR-P1-530908_Domestic Water & Gas Schematic Sheet 8 of 8_S3 Suitable for Review and Comment_P01_0.pdf
371,../BData/Schematics/W11672-IBS-XX-ZZ-DR-M1-570903_AHU 03 Ventilation Schematic_S3 Suitable for Review and Comment_P02_0.pdf
372,../BData/Schematics/W11672-IBS-XX-ZZ-DR-P1-530906_Domestic Water & Gas Schematic Sheet 6 of 8_S3 Suitable for Review and Comment_P01_0.pdf
373,../BData/Schematics/5127-WSP-XX-ZZ-DR-P-530904_Domestic Water & Gas Schematic - Sheet 4 of 8_D1 Suitable for Costing_C02.pdf
374,../BData/Schematics/5127-WSP-XX-ZZ-DR-P-530904_Public Health - Domestic Water & Gas Schematic - Sheet 4 of 8_Preliminary # Draft_A.pdf
375,../BData/Schematics/W11672-IBS-XX-ZZ-DR-M1-560903_Heating Distribution Schematic Sheet 3 of 3_S3 Suitable for Review and Comment_P02_0.pdf
376,../BData/Schematics/W11672-IBS-XX-ZZ-DR-P1-530902_Domestic Water & Gas Schematic Sheet 2 of 8_S3 Suitable for Review and Comment_P01_0.pdf
377,../BData/Schematics/W11672-IBS-XX-ZZ-DR-M1-570902_AHU 02 Ventilation Schematic_S3 Suitable for Review and Comment_P03_0.pdf
378,../BData/Schematics/W11672-IBS-XX-ZZ-DR-P1-530901_Domestic Water & Gas Schematic Sheet 1 of 8_S3 Suitable for Review and Comment_P01_0.pdf
379,../BData/Schematics/5127-WSP-00-ZZ-DR-M-560901_Heating Distribution Schematic Sheet 1 of 3_Costing_C01_0.pdf
380,../BData/Schematics/5127-WSP-XX-01-DR-M-560901_Heating Plant Room Schematic_D1 Suitable for Costing_C02_0.pdf
381,../BData/TS-004 - BMS System_BMS System_S3 Suitable for Review and Comment_A/3. Points List/P05254-PL-MCC1 Rev8.pdf
382,../BData/TS-004 - BMS System_BMS System_S3 Suitable for Review and Comment_A/3. Points List/P05254-PL-MCC4 Rev8.pdf
383,../BData/TS-004 - BMS System_BMS System_S3 Suitable for Review and Comment_A/3. Points List/P05254-PL-FCU's Rev8.pdf
384,../BData/TS-004 - BMS System_BMS System_S3 Suitable for Review and Comment_A/3. Points List/P05254-PL-N-MCC4 Rev8.pdf
385,../BData/TS-004 - BMS System_BMS System_S3 Suitable for Review and Comment_A/3. Points List/P05254-PL-MCC3 Rev8.pdf
386,../BData/TS-004 - BMS System_BMS System_S3 Suitable for Review and Comment_A/3. Points List/P05254-PL-MCC2 Rev8.pdf
387,../BData/TS-004 - BMS System_BMS System_S3 Suitable for Review and Comment_A/3. Points List/P05254-PL-N-MCC1 Rev8.pdf
388,../BData/TS-004 - BMS System_BMS System_S3 Suitable for Review and Comment_A/3. Points List/P05254-PL-N-MCC2 Rev8.pdf
389,../BData/TS-004 - BMS System_BMS System_S3 Suitable for Review and Comment_A/3. Points List/P05254-PL-N-MCC3 Rev8.pdf
390,../BData/TS-004 - BMS System_BMS System_S3 Suitable for Review and Comment_A/5. Equipment Schedules and Data Sheets/5.2 Field Equipment/TT-S_TFHVY3d.pdf
391,../BData/TS-004 - BMS System_BMS System_S3 Suitable for Review and Comment_A/5. Equipment Schedules and Data Sheets/5.2 Field Equipment/TT-PO_CFCiurF.pdf
392,../BData/TS-004 - BMS System_BMS System_S3 Suitable for Review and Comment_A/5. Equipment Schedules and Data Sheets/5.2 Field Equipment/PA-DPS-9x_n9xGD3B.pdf
393,../BData/TS-004 - BMS System_BMS System_S3 Suitable for Review and Comment_A/5. Equipment Schedules and Data Sheets/5.2 Field Equipment/028-0418-11_II-SER8350-2.5.1_EN_CP20211005.pdf
394,../BData/TS-004 - BMS System_BMS System_S3 Suitable for Review and Comment_A/5. Equipment Schedules and Data Sheets/5.2 Field Equipment/H&C KOB 160421.pdf
395,../BData/TS-004 - BMS System_BMS System_S3 Suitable for Review and Comment_A/5. Equipment Schedules and Data Sheets/5.2 Field Equipment/028-0432-07_AG-SE(R)8350_EN_RH20200520.pdf
396,../BData/TS-004 - BMS System_BMS System_S3 Suitable for Review and Comment_A/5. Equipment Schedules and Data Sheets/5.2 Field Equipment/MULTICAL 403 250321.pdf
397,../BData/TS-004 - BMS System_BMS System_S3 Suitable for Review and Comment_A/5. Equipment Schedules and Data Sheets/5.2 Field Equipment/FS-541.pdf
398,../BData/TS-004 - BMS System_BMS System_S3 Suitable for Review and Comment_A/5. Equipment Schedules and Data Sheets/5.2 Field Equipment/belimo_SM24A-SR_datasheet_en-gb.pdf
399,../BData/TS-004 - BMS System_BMS System_S3 Suitable for Review and Comment_A/5. Equipment Schedules and Data Sheets/5.2 Field Equipment/Kamstrup Multical 603 Installation data sheet.pdf
400,../BData/TS-004 - BMS System_BMS System_S3 Suitable for Review and Comment_A/5. Equipment Schedules and Data Sheets/5.2 Field Equipment/belimo_GM24A_datasheet_en-gb.pdf
401,../BData/TS-004 - BMS System_BMS System_S3 Suitable for Review and Comment_A/5. Equipment Schedules and Data Sheets/5.2 Field Equipment/VMR 260321.pdf
402,../BData/TS-004 - BMS System_BMS System_S3 Suitable for Review and Comment_A/5. Equipment Schedules and Data Sheets/5.2 Field Equipment/TT-D_R4wrsIB.pdf
403,../BData/TS-004 - BMS System_BMS System_S3 Suitable for Review and Comment_A/5. Equipment Schedules and Data Sheets/5.2 Field Equipment/ST-FRE_vsxTxNf.pdf
404,../BData/TS-004 - BMS System_BMS System_S3 Suitable for Review and Comment_A/5. Equipment Schedules and Data Sheets/5.2 Field Equipment/TT-555_NNhqLMZ.pdf
405,../BData/TS-004 - BMS System_BMS System_S3 Suitable for Review and Comment_A/5. Equipment Schedules and Data Sheets/5.2 Field Equipment/PA-267.pdf
406,../BData/TS-004 - BMS System_BMS System_S3 Suitable for Review and Comment_A/5. Equipment Schedules and Data Sheets/5.2 Field Equipment/RH-D.pdf
407,../BData/TS-004 - BMS System_BMS System_S3 Suitable for Review and Comment_A/5. Equipment Schedules and Data Sheets/5.2 Field Equipment/SE8350 Room Controller.pdf
408,../BData/TS-004 - BMS System_BMS System_S3 Suitable for Review and Comment_A/5. Equipment Schedules and Data Sheets/5.2 Field Equipment/RH-O.pdf
409,../BData/TS-004 - BMS System_BMS System_S3 Suitable for Review and Comment_A/5. Equipment Schedules and Data Sheets/5.2 Field Equipment/CO100AR 260321.pdf
410,../BData/TS-004 - BMS System_BMS System_S3 Suitable for Review and Comment_A/5. Equipment Schedules and Data Sheets/5.2 Field Equipment/belimo_SMD24A_datasheet_en-gb.pdf
411,../BData/TS-004 - BMS System_BMS System_S3 Suitable for Review and Comment_A/5. Equipment Schedules and Data Sheets/5.2 Field Equipment/SLA-SLP Sensors.pdf
412,../BData/TS-004 - BMS System_BMS System_S3 Suitable for Review and Comment_A/5. Equipment Schedules and Data Sheets/5.2 Field Equipment/028-6048-13_UI-SER8350_A4_EN_CP20200507.pdf
413,../BData/TS-004 - BMS System_BMS System_S3 Suitable for Review and Comment_A/5. Equipment Schedules and Data Sheets/5.2 Field Equipment/TT-C_FnYputA.pdf
414,../BData/TS-004 - BMS System_BMS System_S3 Suitable for Review and Comment_A/5. Equipment Schedules and Data Sheets/5.2 Field Equipment/PA-60-x_HlE2iD7.pdf
415,../BData/TS-004 - BMS System_BMS System_S3 Suitable for Review and Comment_A/5. Equipment Schedules and Data Sheets/5.2 Field Equipment/AV-EP_MPS_1hzLo5s.pdf
416,../BData/TS-004 - BMS System_BMS System_S3 Suitable for Review and Comment_A/5. Equipment Schedules and Data Sheets/5.2 Field Equipment/Kamstrup Multical 403 Installation data sheet.pdf
417,../BData/TS-004 - BMS System_BMS System_S3 Suitable for Review and Comment_A/5. Equipment Schedules and Data Sheets/5.2 Field Equipment/PA-65-x.pdf
418,../BData/TS-004 - BMS System_BMS System_S3 Suitable for Review and Comment_A/5. Equipment Schedules and Data Sheets/5.2 Field Equipment/belimo_LM24A-SR_datasheet_en-gb.pdf
419,../BData/TS-004 - BMS System_BMS System_S3 Suitable for Review and Comment_A/5. Equipment Schedules and Data Sheets/5.2 Field Equipment/SpaceLogic SLP Series Humidity Sensors - BACnet and Modbus Specification Sheet.pdf
420,../BData/TS-004 - BMS System_BMS System_S3 Suitable for Review and Comment_A/5. Equipment Schedules and Data Sheets/5.2 Field Equipment/belimo_LMQ24A_datasheet_en-gb.pdf
421,../BData/TS-004 - BMS System_BMS System_S3 Suitable for Review and Comment_A/5. Equipment Schedules and Data Sheets/5.2 Field Equipment/H&C ETL 160421.pdf
422,../BData/TS-004 - BMS System_BMS System_S3 Suitable for Review and Comment_A/5. Equipment Schedules and Data Sheets/5.2 Field Equipment/SGM595 260321.pdf
423,../BData/TS-004 - BMS System_BMS System_S3 Suitable for Review and Comment_A/5. Equipment Schedules and Data Sheets/5.2 Field Equipment/TT-I_VmghouW.pdf
424,../BData/TS-004 - BMS System_BMS System_S3 Suitable for Review and Comment_A/5. Equipment Schedules and Data Sheets/5.2 Field Equipment/MULTICAL 603 250321.pdf
425,../BData/TS-004 - BMS System_BMS System_S3 Suitable for Review and Comment_A/5. Equipment Schedules and Data Sheets/5.1 Panel Equipment/Power Supply PS-24V Specification Sheet.pdf
426,../BData/TS-004 - BMS System_BMS System_S3 Suitable for Review and Comment_A/5. Equipment Schedules and Data Sheets/5.1 Panel Equipment/EcoStruxure Panel Server_PAS600L .pdf
427,../BData/TS-004 - BMS System_BMS System_S3 Suitable for Review and Comment_A/5. Equipment Schedules and Data Sheets/5.1 Panel Equipment/IO Modules AO-V-8 and AO-V-8-H Specification Sheet.pdf
428,../BData/TS-004 - BMS System_BMS System_S3 Suitable for Review and Comment_A/5. Equipment Schedules and Data Sheets/5.1 Panel Equipment/IO Modules DO-FC-8 and DO-FC-8-H Specification Sheet.pdf
429,../BData/TS-004 - BMS System_BMS System_S3 Suitable for Review and Comment_A/5. Equipment Schedules and Data Sheets/5.1 Panel Equipment/GS300MC 260321.pdf
430,../BData/TS-004 - BMS System_BMS System_S3 Suitable for Review and Comment_A/5. Equipment Schedules and Data Sheets/5.1 Panel Equipment/IO Module DI-16 Specification Sheet.pdf
431,../BData/TS-004 - BMS System_BMS System_S3 Suitable for Review and Comment_A/5. Equipment Schedules and Data Sheets/5.1 Panel Equipment/IO Modules UI-8 AO-4 and UI-8 AO-4-H Specification Sheet.pdf
432,../BData/TS-004 - BMS System_BMS System_S3 Suitable for Review and Comment_A/5. Equipment Schedules and Data Sheets/5.1 Panel Equipment/IO Module UI-16 Specification Sheet.pdf
433,../BData/TS-004 - BMS System_BMS System_S3 Suitable for Review and Comment_A/5. Equipment Schedules and Data Sheets/5.1 Panel Equipment/Advanced Display v3.pdf
434,../BData/TS-004 - BMS System_BMS System_S3 Suitable for Review and Comment_A/5. Equipment Schedules and Data Sheets/5.1 Panel Equipment/Panel Server User Guide.pdf
435,../BData/TS-004 - BMS System_BMS System_S3 Suitable for Review and Comment_A/5. Equipment Schedules and Data Sheets/5.1 Panel Equipment/AS-P Specification Sheet - SmartStruxure Solution.pdf
436,../BData/TS-004 - BMS System_BMS System_S3 Suitable for Review and Comment_A/5. Equipment Schedules and Data Sheets/5.1 Panel Equipment/IO Modules DO-FA-12 and DO-FA-12-H Specification Sheet.pdf
437,../BData/TS-004 - BMS System_BMS System_S3 Suitable for Review and Comment_A/5. Equipment Schedules and Data Sheets/5.1 Panel Equipment/IO Module AO-8 Specification Sheet.pdf
438,../BData/TS-004 - BMS System_BMS System_S3 Suitable for Review and Comment_A/5. Equipment Schedules and Data Sheets/5.2 Field Equipment/TT-S_TFHVY3d.pdf
439,../BData/TS-004 - BMS System_BMS System_S3 Suitable for Review and Comment_A/5. Equipment Schedules and Data Sheets/5.2 Field Equipment/TT-PO_CFCiurF.pdf
440,../BData/TS-004 - BMS System_BMS System_S3 Suitable for Review and Comment_A/5. Equipment Schedules and Data Sheets/5.2 Field Equipment/PA-DPS-9x_n9xGD3B.pdf
441,../BData/TS-004 - BMS System_BMS System_S3 Suitable for Review and Comment_A/5. Equipment Schedules and Data Sheets/5.2 Field Equipment/028-0418-11_II-SER8350-2.5.1_EN_CP20211005.pdf
442,../BData/TS-004 - BMS System_BMS System_S3 Suitable for Review and Comment_A/5. Equipment Schedules and Data Sheets/5.2 Field Equipment/H&C KOB 160421.pdf
443,../BData/TS-004 - BMS System_BMS System_S3 Suitable for Review and Comment_A/5. Equipment Schedules and Data Sheets/5.2 Field Equipment/028-0432-07_AG-SE(R)8350_EN_RH20200520.pdf
444,../BData/TS-004 - BMS System_BMS System_S3 Suitable for Review and Comment_A/5. Equipment Schedules and Data Sheets/5.2 Field Equipment/MULTICAL 403 250321.pdf
445,../BData/TS-004 - BMS System_BMS System_S3 Suitable for Review and Comment_A/5. Equipment Schedules and Data Sheets/5.2 Field Equipment/FS-541.pdf
446,../BData/TS-004 - BMS System_BMS System_S3 Suitable for Review and Comment_A/5. Equipment Schedules and Data Sheets/5.2 Field Equipment/belimo_SM24A-SR_datasheet_en-gb.pdf
447,../BData/TS-004 - BMS System_BMS System_S3 Suitable for Review and Comment_A/5. Equipment Schedules and Data Sheets/5.2 Field Equipment/Kamstrup Multical 603 Installation data sheet.pdf
448,../BData/TS-004 - BMS System_BMS System_S3 Suitable for Review and Comment_A/5. Equipment Schedules and Data Sheets/5.2 Field Equipment/belimo_GM24A_datasheet_en-gb.pdf
449,../BData/TS-004 - BMS System_BMS System_S3 Suitable for Review and Comment_A/5. Equipment Schedules and Data Sheets/5.2 Field Equipment/VMR 260321.pdf
450,../BData/TS-004 - BMS System_BMS System_S3 Suitable for Review and Comment_A/5. Equipment Schedules and Data Sheets/5.2 Field Equipment/TT-D_R4wrsIB.pdf
451,../BData/TS-004 - BMS System_BMS System_S3 Suitable for Review and Comment_A/5. Equipment Schedules and Data Sheets/5.2 Field Equipment/ST-FRE_vsxTxNf.pdf
452,../BData/TS-004 - BMS System_BMS System_S3 Suitable for Review and Comment_A/5. Equipment Schedules and Data Sheets/5.2 Field Equipment/TT-555_NNhqLMZ.pdf
453,../BData/TS-004 - BMS System_BMS System_S3 Suitable for Review and Comment_A/5. Equipment Schedules and Data Sheets/5.2 Field Equipment/PA-267.pdf
454,../BData/TS-004 - BMS System_BMS System_S3 Suitable for Review and Comment_A/5. Equipment Schedules and Data Sheets/5.2 Field Equipment/RH-D.pdf
455,../BData/TS-004 - BMS System_BMS System_S3 Suitable for Review and Comment_A/5. Equipment Schedules and Data Sheets/5.2 Field Equipment/SE8350 Room Controller.pdf
456,../BData/TS-004 - BMS System_BMS System_S3 Suitable for Review and Comment_A/5. Equipment Schedules and Data Sheets/5.2 Field Equipment/RH-O.pdf
457,../BData/TS-004 - BMS System_BMS System_S3 Suitable for Review and Comment_A/5. Equipment Schedules and Data Sheets/5.2 Field Equipment/CO100AR 260321.pdf
458,../BData/TS-004 - BMS System_BMS System_S3 Suitable for Review and Comment_A/5. Equipment Schedules and Data Sheets/5.2 Field Equipment/belimo_SMD24A_datasheet_en-gb.pdf
459,../BData/TS-004 - BMS System_BMS System_S3 Suitable for Review and Comment_A/5. Equipment Schedules and Data Sheets/5.2 Field Equipment/SLA-SLP Sensors.pdf
460,../BData/TS-004 - BMS System_BMS System_S3 Suitable for Review and Comment_A/5. Equipment Schedules and Data Sheets/5.2 Field Equipment/028-6048-13_UI-SER8350_A4_EN_CP20200507.pdf
461,../BData/TS-004 - BMS System_BMS System_S3 Suitable for Review and Comment_A/5. Equipment Schedules and Data Sheets/5.2 Field Equipment/TT-C_FnYputA.pdf
462,../BData/TS-004 - BMS System_BMS System_S3 Suitable for Review and Comment_A/5. Equipment Schedules and Data Sheets/5.2 Field Equipment/PA-60-x_HlE2iD7.pdf
463,../BData/TS-004 - BMS System_BMS System_S3 Suitable for Review and Comment_A/5. Equipment Schedules and Data Sheets/5.2 Field Equipment/AV-EP_MPS_1hzLo5s.pdf
464,../BData/TS-004 - BMS System_BMS System_S3 Suitable for Review and Comment_A/5. Equipment Schedules and Data Sheets/5.2 Field Equipment/Kamstrup Multical 403 Installation data sheet.pdf
465,../BData/TS-004 - BMS System_BMS System_S3 Suitable for Review and Comment_A/5. Equipment Schedules and Data Sheets/5.2 Field Equipment/PA-65-x.pdf
466,../BData/TS-004 - BMS System_BMS System_S3 Suitable for Review and Comment_A/5. Equipment Schedules and Data Sheets/5.2 Field Equipment/belimo_LM24A-SR_datasheet_en-gb.pdf
467,../BData/TS-004 - BMS System_BMS System_S3 Suitable for Review and Comment_A/5. Equipment Schedules and Data Sheets/5.2 Field Equipment/SpaceLogic SLP Series Humidity Sensors - BACnet and Modbus Specification Sheet.pdf
468,../BData/TS-004 - BMS System_BMS System_S3 Suitable for Review and Comment_A/5. Equipment Schedules and Data Sheets/5.2 Field Equipment/belimo_LMQ24A_datasheet_en-gb.pdf
469,../BData/TS-004 - BMS System_BMS System_S3 Suitable for Review and Comment_A/5. Equipment Schedules and Data Sheets/5.2 Field Equipment/H&C ETL 160421.pdf
470,../BData/TS-004 - BMS System_BMS System_S3 Suitable for Review and Comment_A/5. Equipment Schedules and Data Sheets/5.2 Field Equipment/SGM595 260321.pdf
471,../BData/TS-004 - BMS System_BMS System_S3 Suitable for Review and Comment_A/5. Equipment Schedules and Data Sheets/5.2 Field Equipment/TT-I_VmghouW.pdf
472,../BData/TS-004 - BMS System_BMS System_S3 Suitable for Review and Comment_A/5. Equipment Schedules and Data Sheets/5.2 Field Equipment/MULTICAL 603 250321.pdf
473,../BData/TS-004 - BMS System_BMS System_S3 Suitable for Review and Comment_A/5. Equipment Schedules and Data Sheets/5.1 Panel Equipment/Power Supply PS-24V Specification Sheet.pdf
474,../BData/TS-004 - BMS System_BMS System_S3 Suitable for Review and Comment_A/5. Equipment Schedules and Data Sheets/5.1 Panel Equipment/EcoStruxure Panel Server_PAS600L .pdf
475,../BData/TS-004 - BMS System_BMS System_S3 Suitable for Review and Comment_A/5. Equipment Schedules and Data Sheets/5.1 Panel Equipment/IO Modules AO-V-8 and AO-V-8-H Specification Sheet.pdf
476,../BData/TS-004 - BMS System_BMS System_S3 Suitable for Review and Comment_A/5. Equipment Schedules and Data Sheets/5.1 Panel Equipment/IO Modules DO-FC-8 and DO-FC-8-H Specification Sheet.pdf
477,../BData/TS-004 - BMS System_BMS System_S3 Suitable for Review and Comment_A/5. Equipment Schedules and Data Sheets/5.1 Panel Equipment/GS300MC 260321.pdf
478,../BData/TS-004 - BMS System_BMS System_S3 Suitable for Review and Comment_A/5. Equipment Schedules and Data Sheets/5.1 Panel Equipment/IO Module DI-16 Specification Sheet.pdf
479,../BData/TS-004 - BMS System_BMS System_S3 Suitable for Review and Comment_A/5. Equipment Schedules and Data Sheets/5.1 Panel Equipment/IO Modules UI-8 AO-4 and UI-8 AO-4-H Specification Sheet.pdf
480,../BData/TS-004 - BMS System_BMS System_S3 Suitable for Review and Comment_A/5. Equipment Schedules and Data Sheets/5.1 Panel Equipment/IO Module UI-16 Specification Sheet.pdf
481,../BData/TS-004 - BMS System_BMS System_S3 Suitable for Review and Comment_A/5. Equipment Schedules and Data Sheets/5.1 Panel Equipment/Advanced Display v3.pdf
482,../BData/TS-004 - BMS System_BMS System_S3 Suitable for Review and Comment_A/5. Equipment Schedules and Data Sheets/5.1 Panel Equipment/Panel Server User Guide.pdf
483,../BData/TS-004 - BMS System_BMS System_S3 Suitable for Review and Comment_A/5. Equipment Schedules and Data Sheets/5.1 Panel Equipment/AS-P Specification Sheet - SmartStruxure Solution.pdf
484,../BData/TS-004 - BMS System_BMS System_S3 Suitable for Review and Comment_A/5. Equipment Schedules and Data Sheets/5.1 Panel Equipment/IO Modules DO-FA-12 and DO-FA-12-H Specification Sheet.pdf
485,../BData/TS-004 - BMS System_BMS System_S3 Suitable for Review and Comment_A/5. Equipment Schedules and Data Sheets/5.1 Panel Equipment/IO Module AO-8 Specification Sheet.pdf
486,../BData/TS-004 - BMS System_BMS System_S3 Suitable for Review and Comment_A/2. Description of Operation/P05254-DOO Rev4.pdf
487,../BData/TS-004 - BMS System_BMS System_S3 Suitable for Review and Comment_A/4. Drawings/P05254-MCC3-Rev6.pdf
488,../BData/TS-004 - BMS System_BMS System_S3 Suitable for Review and Comment_A/4. Drawings/P05254-MCC1-Rev5.pdf
489,../BData/TS-004 - BMS System_BMS System_S3 Suitable for Review and Comment_A/4. Drawings/P05254-MCC2-Rev5.pdf
490,../BData/TS-004 - BMS System_BMS System_S3 Suitable for Review and Comment_A/4. Drawings/P05254-MCC4-Rev4.pdf
491,../BData/TS-004 - BMS System_BMS System_S3 Suitable for Review and Comment_A/4. Drawings/P05254 - FCU Rev2.pdf
492,../BData/TS-004 - BMS System_BMS System_S3 Suitable for Review and Comment_A/TS-004 - BMS System.pdf
493,../BData/TS-004 - BMS System_BMS System_S3 Suitable for Review and Comment_A/P05254-TS00 Rev1.pdf
494,../BData/5127-KCWW-XX-XX-SP-W-0001_BIM Execution Plan_A5 Approved and Accepted for Construction_C04/5127-KCWW-XX-XX-SP-W-0001/5127-KCWW-XX-XX-SP-W-0005_IFCModelExchangeWorkflow-P02.pdf
495,../BData/5127-KCWW-XX-XX-SP-W-0001_BIM Execution Plan_A5 Approved and Accepted for Construction_C04/5127-KCWW-XX-XX-SP-W-0001/5127-KCWW-XX-XX-SP-W-0001_BIMExecutionPlan-C04.pdf
496,../BData/5127-KCWW-XX-XX-SP-W-0001_BIM Execution Plan_A5 Approved and Accepted for Construction_C04/5127-KCWW-XX-XX-SP-W-0001/5127-KCWW-XX-XX-SP-W-0003_Appendix3.pdf
497,../BData/5127-KCWW-XX-XX-SP-W-0001_BIM Execution Plan_A5 Approved and Accepted for Construction_C04/5127-KCWW-XX-XX-SP-W-0001/5127-KCWW-XX-XX-SP-W-0002_Appendix2-C10.pdf
498,../BData/TS-004 - BMS System_BMS System_S3 Suitable for Review and Comment_A/3. Points List/P05254-PL-MCC1 Rev8.pdf
499,../BData/TS-004 - BMS System_BMS System_S3 Suitable for Review and Comment_A/3. Points List/P05254-PL-MCC4 Rev8.pdf
500,../BData/TS-004 - BMS System_BMS System_S3 Suitable for Review and Comment_A/3. Points List/P05254-PL-FCU's Rev8.pdf
501,../BData/TS-004 - BMS System_BMS System_S3 Suitable for Review and Comment_A/3. Points List/P05254-PL-N-MCC4 Rev8.pdf
502,../BData/TS-004 - BMS System_BMS System_S3 Suitable for Review and Comment_A/3. Points List/P05254-PL-MCC3 Rev8.pdf
503,../BData/TS-004 - BMS System_BMS System_S3 Suitable for Review and Comment_A/3. Points List/P05254-PL-MCC2 Rev8.pdf
504,../BData/TS-004 - BMS System_BMS System_S3 Suitable for Review and Comment_A/3. Points List/P05254-PL-N-MCC1 Rev8.pdf
505,../BData/TS-004 - BMS System_BMS System_S3 Suitable for Review and Comment_A/3. Points List/P05254-PL-N-MCC2 Rev8.pdf
506,../BData/TS-004 - BMS System_BMS System_S3 Suitable for Review and Comment_A/3. Points List/P05254-PL-N-MCC3 Rev8.pdf
507,../BData/TS-004 - BMS System_BMS System_S3 Suitable for Review and Comment_A/5. Equipment Schedules and Data Sheets/5.2 Field Equipment/TT-S_TFHVY3d.pdf
508,../BData/TS-004 - BMS System_BMS System_S3 Suitable for Review and Comment_A/5. Equipment Schedules and Data Sheets/5.2 Field Equipment/TT-PO_CFCiurF.pdf
509,../BData/TS-004 - BMS System_BMS System_S3 Suitable for Review and Comment_A/5. Equipment Schedules and Data Sheets/5.2 Field Equipment/PA-DPS-9x_n9xGD3B.pdf
510,../BData/TS-004 - BMS System_BMS System_S3 Suitable for Review and Comment_A/5. Equipment Schedules and Data Sheets/5.2 Field Equipment/028-0418-11_II-SER8350-2.5.1_EN_CP20211005.pdf
511,../BData/TS-004 - BMS System_BMS System_S3 Suitable for Review and Comment_A/5. Equipment Schedules and Data Sheets/5.2 Field Equipment/H&C KOB 160421.pdf
512,../BData/TS-004 - BMS System_BMS System_S3 Suitable for Review and Comment_A/5. Equipment Schedules and Data Sheets/5.2 Field Equipment/028-0432-07_AG-SE(R)8350_EN_RH20200520.pdf
513,../BData/TS-004 - BMS System_BMS System_S3 Suitable for Review and Comment_A/5. Equipment Schedules and Data Sheets/5.2 Field Equipment/MULTICAL 403 250321.pdf
514,../BData/TS-004 - BMS System_BMS System_S3 Suitable for Review and Comment_A/5. Equipment Schedules and Data Sheets/5.2 Field Equipment/FS-541.pdf
515,../BData/TS-004 - BMS System_BMS System_S3 Suitable for Review and Comment_A/5. Equipment Schedules and Data Sheets/5.2 Field Equipment/belimo_SM24A-SR_datasheet_en-gb.pdf
516,../BData/TS-004 - BMS System_BMS System_S3 Suitable for Review and Comment_A/5. Equipment Schedules and Data Sheets/5.2 Field Equipment/Kamstrup Multical 603 Installation data sheet.pdf
517,../BData/TS-004 - BMS System_BMS System_S3 Suitable for Review and Comment_A/5. Equipment Schedules and Data Sheets/5.2 Field Equipment/belimo_GM24A_datasheet_en-gb.pdf
518,../BData/TS-004 - BMS System_BMS System_S3 Suitable for Review and Comment_A/5. Equipment Schedules and Data Sheets/5.2 Field Equipment/VMR 260321.pdf
519,../BData/TS-004 - BMS System_BMS System_S3 Suitable for Review and Comment_A/5. Equipment Schedules and Data Sheets/5.2 Field Equipment/TT-D_R4wrsIB.pdf
520,../BData/TS-004 - BMS System_BMS System_S3 Suitable for Review and Comment_A/5. Equipment Schedules and Data Sheets/5.2 Field Equipment/ST-FRE_vsxTxNf.pdf
521,../BData/TS-004 - BMS System_BMS System_S3 Suitable for Review and Comment_A/5. Equipment Schedules and Data Sheets/5.2 Field Equipment/TT-555_NNhqLMZ.pdf
522,../BData/TS-004 - BMS System_BMS System_S3 Suitable for Review and Comment_A/5. Equipment Schedules and Data Sheets/5.2 Field Equipment/PA-267.pdf
523,../BData/TS-004 - BMS System_BMS System_S3 Suitable for Review and Comment_A/5. Equipment Schedules and Data Sheets/5.2 Field Equipment/RH-D.pdf
524,../BData/TS-004 - BMS System_BMS System_S3 Suitable for Review and Comment_A/5. Equipment Schedules and Data Sheets/5.2 Field Equipment/SE8350 Room Controller.pdf
525,../BData/TS-004 - BMS System_BMS System_S3 Suitable for Review and Comment_A/5. Equipment Schedules and Data Sheets/5.2 Field Equipment/RH-O.pdf
526,../BData/TS-004 - BMS System_BMS System_S3 Suitable for Review and Comment_A/5. Equipment Schedules and Data Sheets/5.2 Field Equipment/CO100AR 260321.pdf
527,../BData/TS-004 - BMS System_BMS System_S3 Suitable for Review and Comment_A/5. Equipment Schedules and Data Sheets/5.2 Field Equipment/belimo_SMD24A_datasheet_en-gb.pdf
528,../BData/TS-004 - BMS System_BMS System_S3 Suitable for Review and Comment_A/5. Equipment Schedules and Data Sheets/5.2 Field Equipment/SLA-SLP Sensors.pdf
529,../BData/TS-004 - BMS System_BMS System_S3 Suitable for Review and Comment_A/5. Equipment Schedules and Data Sheets/5.2 Field Equipment/028-6048-13_UI-SER8350_A4_EN_CP20200507.pdf
530,../BData/TS-004 - BMS System_BMS System_S3 Suitable for Review and Comment_A/5. Equipment Schedules and Data Sheets/5.2 Field Equipment/TT-C_FnYputA.pdf
531,../BData/TS-004 - BMS System_BMS System_S3 Suitable for Review and Comment_A/5. Equipment Schedules and Data Sheets/5.2 Field Equipment/PA-60-x_HlE2iD7.pdf
532,../BData/TS-004 - BMS System_BMS System_S3 Suitable for Review and Comment_A/5. Equipment Schedules and Data Sheets/5.2 Field Equipment/AV-EP_MPS_1hzLo5s.pdf
533,../BData/TS-004 - BMS System_BMS System_S3 Suitable for Review and Comment_A/5. Equipment Schedules and Data Sheets/5.2 Field Equipment/Kamstrup Multical 403 Installation data sheet.pdf
534,../BData/TS-004 - BMS System_BMS System_S3 Suitable for Review and Comment_A/5. Equipment Schedules and Data Sheets/5.2 Field Equipment/PA-65-x.pdf
535,../BData/TS-004 - BMS System_BMS System_S3 Suitable for Review and Comment_A/5. Equipment Schedules and Data Sheets/5.2 Field Equipment/belimo_LM24A-SR_datasheet_en-gb.pdf
536,../BData/TS-004 - BMS System_BMS System_S3 Suitable for Review and Comment_A/5. Equipment Schedules and Data Sheets/5.2 Field Equipment/SpaceLogic SLP Series Humidity Sensors - BACnet and Modbus Specification Sheet.pdf
537,../BData/TS-004 - BMS System_BMS System_S3 Suitable for Review and Comment_A/5. Equipment Schedules and Data Sheets/5.2 Field Equipment/belimo_LMQ24A_datasheet_en-gb.pdf
538,../BData/TS-004 - BMS System_BMS System_S3 Suitable for Review and Comment_A/5. Equipment Schedules and Data Sheets/5.2 Field Equipment/H&C ETL 160421.pdf
539,../BData/TS-004 - BMS System_BMS System_S3 Suitable for Review and Comment_A/5. Equipment Schedules and Data Sheets/5.2 Field Equipment/SGM595 260321.pdf
540,../BData/TS-004 - BMS System_BMS System_S3 Suitable for Review and Comment_A/5. Equipment Schedules and Data Sheets/5.2 Field Equipment/TT-I_VmghouW.pdf
541,../BData/TS-004 - BMS System_BMS System_S3 Suitable for Review and Comment_A/5. Equipment Schedules and Data Sheets/5.2 Field Equipment/MULTICAL 603 250321.pdf
542,../BData/TS-004 - BMS System_BMS System_S3 Suitable for Review and Comment_A/5. Equipment Schedules and Data Sheets/5.1 Panel Equipment/Power Supply PS-24V Specification Sheet.pdf
543,../BData/TS-004 - BMS System_BMS System_S3 Suitable for Review and Comment_A/5. Equipment Schedules and Data Sheets/5.1 Panel Equipment/EcoStruxure Panel Server_PAS600L .pdf
544,../BData/TS-004 - BMS System_BMS System_S3 Suitable for Review and Comment_A/5. Equipment Schedules and Data Sheets/5.1 Panel Equipment/IO Modules AO-V-8 and AO-V-8-H Specification Sheet.pdf
545,../BData/TS-004 - BMS System_BMS System_S3 Suitable for Review and Comment_A/5. Equipment Schedules and Data Sheets/5.1 Panel Equipment/IO Modules DO-FC-8 and DO-FC-8-H Specification Sheet.pdf
546,../BData/TS-004 - BMS System_BMS System_S3 Suitable for Review and Comment_A/5. Equipment Schedules and Data Sheets/5.1 Panel Equipment/GS300MC 260321.pdf
547,../BData/TS-004 - BMS System_BMS System_S3 Suitable for Review and Comment_A/5. Equipment Schedules and Data Sheets/5.1 Panel Equipment/IO Module DI-16 Specification Sheet.pdf
548,../BData/TS-004 - BMS System_BMS System_S3 Suitable for Review and Comment_A/5. Equipment Schedules and Data Sheets/5.1 Panel Equipment/IO Modules UI-8 AO-4 and UI-8 AO-4-H Specification Sheet.pdf
549,../BData/TS-004 - BMS System_BMS System_S3 Suitable for Review and Comment_A/5. Equipment Schedules and Data Sheets/5.1 Panel Equipment/IO Module UI-16 Specification Sheet.pdf
550,../BData/TS-004 - BMS System_BMS System_S3 Suitable for Review and Comment_A/5. Equipment Schedules and Data Sheets/5.1 Panel Equipment/Advanced Display v3.pdf
551,../BData/TS-004 - BMS System_BMS System_S3 Suitable for Review and Comment_A/5. Equipment Schedules and Data Sheets/5.1 Panel Equipment/Panel Server User Guide.pdf
552,../BData/TS-004 - BMS System_BMS System_S3 Suitable for Review and Comment_A/5. Equipment Schedules and Data Sheets/5.1 Panel Equipment/AS-P Specification Sheet - SmartStruxure Solution.pdf
553,../BData/TS-004 - BMS System_BMS System_S3 Suitable for Review and Comment_A/5. Equipment Schedules and Data Sheets/5.1 Panel Equipment/IO Modules DO-FA-12 and DO-FA-12-H Specification Sheet.pdf
554,../BData/TS-004 - BMS System_BMS System_S3 Suitable for Review and Comment_A/5. Equipment Schedules and Data Sheets/5.1 Panel Equipment/IO Module AO-8 Specification Sheet.pdf
555,../BData/TS-004 - BMS System_BMS System_S3 Suitable for Review and Comment_A/2. Description of Operation/P05254-DOO Rev4.pdf
556,../BData/TS-004 - BMS System_BMS System_S3 Suitable for Review and Comment_A/4. Drawings/P05254-MCC3-Rev6.pdf
557,../BData/TS-004 - BMS System_BMS System_S3 Suitable for Review and Comment_A/4. Drawings/P05254-MCC1-Rev5.pdf
558,../BData/TS-004 - BMS System_BMS System_S3 Suitable for Review and Comment_A/4. Drawings/P05254-MCC2-Rev5.pdf
559,../BData/TS-004 - BMS System_BMS System_S3 Suitable for Review and Comment_A/4. Drawings/P05254-MCC4-Rev4.pdf
560,../BData/TS-004 - BMS System_BMS System_S3 Suitable for Review and Comment_A/4. Drawings/P05254 - FCU Rev2.pdf
561,../BData/TS-004 - BMS System_BMS System_S3 Suitable for Review and Comment_A/5. Equipment Schedules and Data Sheets/5.2 Field Equipment/TT-S_TFHVY3d.pdf
562,../BData/TS-004 - BMS System_BMS System_S3 Suitable for Review and Comment_A/5. Equipment Schedules and Data Sheets/5.2 Field Equipment/TT-PO_CFCiurF.pdf
563,../BData/TS-004 - BMS System_BMS System_S3 Suitable for Review and Comment_A/5. Equipment Schedules and Data Sheets/5.2 Field Equipment/PA-DPS-9x_n9xGD3B.pdf
564,../BData/TS-004 - BMS System_BMS System_S3 Suitable for Review and Comment_A/5. Equipment Schedules and Data Sheets/5.2 Field Equipment/028-0418-11_II-SER8350-2.5.1_EN_CP20211005.pdf
565,../BData/TS-004 - BMS System_BMS System_S3 Suitable for Review and Comment_A/5. Equipment Schedules and Data Sheets/5.2 Field Equipment/H&C KOB 160421.pdf
566,../BData/TS-004 - BMS System_BMS System_S3 Suitable for Review and Comment_A/5. Equipment Schedules and Data Sheets/5.2 Field Equipment/028-0432-07_AG-SE(R)8350_EN_RH20200520.pdf
567,../BData/TS-004 - BMS System_BMS System_S3 Suitable for Review and Comment_A/5. Equipment Schedules and Data Sheets/5.2 Field Equipment/MULTICAL 403 250321.pdf
568,../BData/TS-004 - BMS System_BMS System_S3 Suitable for Review and Comment_A/5. Equipment Schedules and Data Sheets/5.2 Field Equipment/FS-541.pdf
569,../BData/TS-004 - BMS System_BMS System_S3 Suitable for Review and Comment_A/5. Equipment Schedules and Data Sheets/5.2 Field Equipment/belimo_SM24A-SR_datasheet_en-gb.pdf
570,../BData/TS-004 - BMS System_BMS System_S3 Suitable for Review and Comment_A/5. Equipment Schedules and Data Sheets/5.2 Field Equipment/Kamstrup Multical 603 Installation data sheet.pdf
571,../BData/TS-004 - BMS System_BMS System_S3 Suitable for Review and Comment_A/5. Equipment Schedules and Data Sheets/5.2 Field Equipment/belimo_GM24A_datasheet_en-gb.pdf
572,../BData/TS-004 - BMS System_BMS System_S3 Suitable for Review and Comment_A/5. Equipment Schedules and Data Sheets/5.2 Field Equipment/VMR 260321.pdf
573,../BData/TS-004 - BMS System_BMS System_S3 Suitable for Review and Comment_A/5. Equipment Schedules and Data Sheets/5.2 Field Equipment/TT-D_R4wrsIB.pdf
574,../BData/TS-004 - BMS System_BMS System_S3 Suitable for Review and Comment_A/5. Equipment Schedules and Data Sheets/5.2 Field Equipment/ST-FRE_vsxTxNf.pdf
575,../BData/TS-004 - BMS System_BMS System_S3 Suitable for Review and Comment_A/5. Equipment Schedules and Data Sheets/5.2 Field Equipment/TT-555_NNhqLMZ.pdf
576,../BData/TS-004 - BMS System_BMS System_S3 Suitable for Review and Comment_A/5. Equipment Schedules and Data Sheets/5.2 Field Equipment/PA-267.pdf
577,../BData/TS-004 - BMS System_BMS System_S3 Suitable for Review and Comment_A/5. Equipment Schedules and Data Sheets/5.2 Field Equipment/RH-D.pdf
578,../BData/TS-004 - BMS System_BMS System_S3 Suitable for Review and Comment_A/5. Equipment Schedules and Data Sheets/5.2 Field Equipment/SE8350 Room Controller.pdf
579,../BData/TS-004 - BMS System_BMS System_S3 Suitable for Review and Comment_A/5. Equipment Schedules and Data Sheets/5.2 Field Equipment/RH-O.pdf
580,../BData/TS-004 - BMS System_BMS System_S3 Suitable for Review and Comment_A/5. Equipment Schedules and Data Sheets/5.2 Field Equipment/CO100AR 260321.pdf
581,../BData/TS-004 - BMS System_BMS System_S3 Suitable for Review and Comment_A/5. Equipment Schedules and Data Sheets/5.2 Field Equipment/belimo_SMD24A_datasheet_en-gb.pdf
582,../BData/TS-004 - BMS System_BMS System_S3 Suitable for Review and Comment_A/5. Equipment Schedules and Data Sheets/5.2 Field Equipment/SLA-SLP Sensors.pdf
583,../BData/TS-004 - BMS System_BMS System_S3 Suitable for Review and Comment_A/5. Equipment Schedules and Data Sheets/5.2 Field Equipment/028-6048-13_UI-SER8350_A4_EN_CP20200507.pdf
584,../BData/TS-004 - BMS System_BMS System_S3 Suitable for Review and Comment_A/5. Equipment Schedules and Data Sheets/5.2 Field Equipment/TT-C_FnYputA.pdf
585,../BData/TS-004 - BMS System_BMS System_S3 Suitable for Review and Comment_A/5. Equipment Schedules and Data Sheets/5.2 Field Equipment/PA-60-x_HlE2iD7.pdf
586,../BData/TS-004 - BMS System_BMS System_S3 Suitable for Review and Comment_A/5. Equipment Schedules and Data Sheets/5.2 Field Equipment/AV-EP_MPS_1hzLo5s.pdf
587,../BData/TS-004 - BMS System_BMS System_S3 Suitable for Review and Comment_A/5. Equipment Schedules and Data Sheets/5.2 Field Equipment/Kamstrup Multical 403 Installation data sheet.pdf
588,../BData/TS-004 - BMS System_BMS System_S3 Suitable for Review and Comment_A/5. Equipment Schedules and Data Sheets/5.2 Field Equipment/PA-65-x.pdf
589,../BData/TS-004 - BMS System_BMS System_S3 Suitable for Review and Comment_A/5. Equipment Schedules and Data Sheets/5.2 Field Equipment/belimo_LM24A-SR_datasheet_en-gb.pdf
590,../BData/TS-004 - BMS System_BMS System_S3 Suitable for Review and Comment_A/5. Equipment Schedules and Data Sheets/5.2 Field Equipment/SpaceLogic SLP Series Humidity Sensors - BACnet and Modbus Specification Sheet.pdf
591,../BData/TS-004 - BMS System_BMS System_S3 Suitable for Review and Comment_A/5. Equipment Schedules and Data Sheets/5.2 Field Equipment/belimo_LMQ24A_datasheet_en-gb.pdf
592,../BData/TS-004 - BMS System_BMS System_S3 Suitable for Review and Comment_A/5. Equipment Schedules and Data Sheets/5.2 Field Equipment/H&C ETL 160421.pdf
593,../BData/TS-004 - BMS System_BMS System_S3 Suitable for Review and Comment_A/5. Equipment Schedules and Data Sheets/5.2 Field Equipment/SGM595 260321.pdf
594,../BData/TS-004 - BMS System_BMS System_S3 Suitable for Review and Comment_A/5. Equipment Schedules and Data Sheets/5.2 Field Equipment/TT-I_VmghouW.pdf
595,../BData/TS-004 - BMS System_BMS System_S3 Suitable for Review and Comment_A/5. Equipment Schedules and Data Sheets/5.2 Field Equipment/MULTICAL 603 250321.pdf
596,../BData/TS-004 - BMS System_BMS System_S3 Suitable for Review and Comment_A/5. Equipment Schedules and Data Sheets/5.1 Panel Equipment/Power Supply PS-24V Specification Sheet.pdf
597,../BData/TS-004 - BMS System_BMS System_S3 Suitable for Review and Comment_A/5. Equipment Schedules and Data Sheets/5.1 Panel Equipment/EcoStruxure Panel Server_PAS600L .pdf
598,../BData/TS-004 - BMS System_BMS System_S3 Suitable for Review and Comment_A/5. Equipment Schedules and Data Sheets/5.1 Panel Equipment/IO Modules AO-V-8 and AO-V-8-H Specification Sheet.pdf
599,../BData/TS-004 - BMS System_BMS System_S3 Suitable for Review and Comment_A/5. Equipment Schedules and Data Sheets/5.1 Panel Equipment/IO Modules DO-FC-8 and DO-FC-8-H Specification Sheet.pdf
600,../BData/TS-004 - BMS System_BMS System_S3 Suitable for Review and Comment_A/5. Equipment Schedules and Data Sheets/5.1 Panel Equipment/GS300MC 260321.pdf
601,../BData/TS-004 - BMS System_BMS System_S3 Suitable for Review and Comment_A/5. Equipment Schedules and Data Sheets/5.1 Panel Equipment/IO Module DI-16 Specification Sheet.pdf
602,../BData/TS-004 - BMS System_BMS System_S3 Suitable for Review and Comment_A/5. Equipment Schedules and Data Sheets/5.1 Panel Equipment/IO Modules UI-8 AO-4 and UI-8 AO-4-H Specification Sheet.pdf
603,../BData/TS-004 - BMS System_BMS System_S3 Suitable for Review and Comment_A/5. Equipment Schedules and Data Sheets/5.1 Panel Equipment/IO Module UI-16 Specification Sheet.pdf
604,../BData/TS-004 - BMS System_BMS System_S3 Suitable for Review and Comment_A/5. Equipment Schedules and Data Sheets/5.1 Panel Equipment/Advanced Display v3.pdf
605,../BData/TS-004 - BMS System_BMS System_S3 Suitable for Review and Comment_A/5. Equipment Schedules and Data Sheets/5.1 Panel Equipment/Panel Server User Guide.pdf
606,../BData/TS-004 - BMS System_BMS System_S3 Suitable for Review and Comment_A/5. Equipment Schedules and Data Sheets/5.1 Panel Equipment/AS-P Specification Sheet - SmartStruxure Solution.pdf
607,../BData/TS-004 - BMS System_BMS System_S3 Suitable for Review and Comment_A/5. Equipment Schedules and Data Sheets/5.1 Panel Equipment/IO Modules DO-FA-12 and DO-FA-12-H Specification Sheet.pdf
608,../BData/TS-004 - BMS System_BMS System_S3 Suitable for Review and Comment_A/5. Equipment Schedules and Data Sheets/5.1 Panel Equipment/IO Module AO-8 Specification Sheet.pdf
